PuzzleId,FEN,Moves,Rating,RatingDeviation,Popularity,NbPlays,Themes,GameUrl,OpeningTags
1Yvaq,1r6/p3kppp/2pN4/2Pbp3/8/Pr3P2/1PK3PP/1R5R b - - 0 24,b3e3 d6f5 e7f8 f5e3,761,77,99,1104,advantage endgame fork master short,https://lichess.org/jnJIglHr/black#48,
1YelJ,1rb2rk1/pp1p1Qpp/8/8/2B5/8/Pq3PPP/R3R1K1 b - - 0 17,f8f7 e1e8,834,78,98,1074,mate mateIn1 middlegame oneMove pin,https://lichess.org/tff1ObEl/black#34,Sicilian_Defense Sicilian_Defense_Alapin_Variation
2uzeM,rn1q1r2/ppp1bkpp/3pb3/4P3/4Q3/5N2/PPP2PPP/RNB1K2R w KQ - 1 9,f3g5 e7g5 c1g5 d8g5,858,79,98,1020,advantage opening short,https://lichess.org/ukyWNPwD#17,Philidor_Defense Philidor_Defense_Nimzowitsch_Variation
1JSeo,r3k2r/ppp3pp/2np1n2/2b1pqB1/2B5/3P4/PPP2PPP/RN1QK2R w KQkq - 0 10,g5f6 f5f2,906,77,99,1224,attackingF2F7 mate mateIn1 middlegame oneMove,https://lichess.org/Pf6exDFk#19,Ruy_Lopez Ruy_Lopez_Schliemann_Defense
0nQpV,r2q1rk1/pbp4p/1p1ppP1Q/7p/3P4/2NB1P2/PPP5/R3K1N1 b Q - 0 17,d8f6 h6h7,906,79,97,1569,kingsideAttack mate mateIn1 middlegame oneMove,https://lichess.org/4BLSB2t7/black#34,Owen_Defense Owen_Defense_Other_variations
1n4zn,3r1rk1/1b3p2/p6p/3p4/1P1R1b1P/P4P2/1BP3K1/R7 b - - 1 31,f4e5 d4g4 g8h7 b2e5,920,78,98,1816,advantage discoveredAttack middlegame short,https://lichess.org/f3w9l3Z9/black#62,
1mE1V,3n4/3k3p/p2p2p1/2pP1pPP/1pN2P2/PP2Q1K1/5P2/6q1 w - - 1 39,g3f3 g1g4,923,78,97,1749,endgame mate mateIn1 oneMove,https://lichess.org/oX8Uvzt7#77,
2sXCU,r7/pp3kbQ/6p1/8/8/2p2P1P/PPP5/6K1 w - - 0 23,b2c3 a8h8 h7h8 g7h8,935,78,97,1084,crushing endgame short trappedPiece,https://lichess.org/y0TKOu52#45,
17B1A,8/1p3ppk/4p2p/R7/P2PbqP1/1PQ4P/5P2/6K1 w - - 1 39,c3g3 f4c1 g1h2 c1h1,949,76,99,2312,endgame mate mateIn2 short,https://lichess.org/Ns0u8nlm#77,
1oju9,2k2b2/6p1/4R2p/p1p2p1P/PpP2B2/3r4/1K3P2/8 b - - 2 42,d3c3 e6e8 c8d7 e8f8,950,77,97,1379,advantage endgame fork master short,https://lichess.org/w6eGq9jA/black#84,
2JpBf,r3kb1r/ppq1nppb/2n1p2p/3pP3/3P4/P4NNP/1P3PP1/R1BQKB1R w KQkq - 1 12,f1b5 c7a5 b2b4 a5b5,956,80,98,2607,crushing fork opening short,https://lichess.org/4IaJyFKS#23,Caro-Kann_Defense Caro-Kann_Defense_Advance_Variation
2VPOz,4kr2/1P2b1pQ/1qppb3/1p6/7r/2N2N2/PPP3PP/R1B2R1K w - - 4 18,f3h4 f8f1,958,78,98,1875,backRankMate hangingPiece mate mateIn1 middlegame oneMove,https://lichess.org/IWU0a5z6#35,Rat_Defense Rat_Defense_Harmonist
2kKOA,6k1/pp3ppp/1np1p3/2n3PP/7K/N1P5/PP4r1/3R4 b - - 1 35,g7g6 d1d8 g8g7 h5h6,975,76,98,1240,endgame mate mateIn2 short,https://lichess.org/GzkPXX3W/black#70,
0y04n,3r2k1/6p1/1p5p/p1pNpqbN/2P5/1P1P3P/1P4P1/3R3K b - - 1 24,g5f4 d5e7 g8f7 e7f5,979,78,96,3642,advantage endgame fork short,https://lichess.org/ZwRdyZx1/black#48,
2eKo5,8/3n4/1p4k1/1Pp2p2/2P2PKp/4N3/8/8 w - - 0 44,e3f5 d7f6 g4h4 g6f5,999,77,96,4080,crushing deflection endgame knightEndgame master short,https://lichess.org/G1sSKUQ2#87,
1KOTS,r2q1r2/1p3Np1/p1n1p2k/3pP2P/5PQ1/4n3/PPP3P1/2KR3R b - - 0 21,f8f7 g4g6,1000,77,95,1396,mate mateIn1 middlegame oneMove,https://lichess.org/qbijYwyZ/black#42,
086ae,r2q3r/p3kppp/3bb3/1B6/8/4N3/PP1Q1PPP/R4RK1 w - - 2 19,f1e1 d6h2 g1h2 d8d2,1011,77,97,3328,crushing discoveredAttack kingsideAttack middlegame short,https://lichess.org/cjkX57ah#37,Queens_Pawn_Game Queens_Pawn_Game_Symmetrical_Variation
1ICoj,1r2r1k1/p4pp1/5b1p/3BNb2/3n1B2/4R1P1/PP3P1P/2R3K1 b - - 2 21,b8b2 d5f7 g8h7 f7e8,1012,77,98,4284,advantage fork middlegame short,https://lichess.org/67Oio0RS/black#42,
07mNZ,r2qr1k1/p1p2pp1/1p1b3p/n7/Q2P4/2P3P1/PB1N1PKP/1R2R3 b - - 2 17,d8g5 e1e8 a8e8 a4e8,1022,77,99,1610,advantage kingsideAttack middlegame short,https://lichess.org/4QAJ5EUg/black#34,Four_Knights_Game Four_Knights_Game_Other_variations
1rm8W,r1nq1rk1/1p3p2/p1p1bb1p/P2p2pN/3P4/2NBPP2/1PQ3PP/R4RK1 b - - 1 16,f6h8 d3h7,1025,76,100,1470,mate mateIn1 middlegame oneMove,https://lichess.org/SjaF37wf/black#32,Queens_Gambit_Declined Queens_Gambit_Declined_Exchange_Variation
1m7eI,r2qrbk1/1b1n1p1n/pp2p3/3pN2Q/3P4/1BN4P/PPP2PP1/4RRK1 b - - 4 19,f8g7 h5f7 g8h8 e5g6,1026,75,99,1790,kingsideAttack mate mateIn2 middlegame short,https://lichess.org/4OA3X260/black#38,
0mgY6,8/3N2R1/p2k4/1ppp4/P7/1PKP4/5r2/8 w - - 0 50,a4b5 d5d4 c3c4 f2c2,1026,78,97,2185,endgame master mate mateIn2 short,https://lichess.org/pJyqpemg#99,
1JWLD,8/4n3/1p1p4/pPpPp3/P1P1P3/4k1N1/8/5K2 b - - 8 64,e3d4 g3f5 d4c4 f5e7,1034,76,99,2052,crushing endgame knightEndgame short,https://lichess.org/tsRkr8EI/black#128,
14QFk,5r1k/p1p4p/2p1B3/4P1B1/3p2nP/5q2/PPP5/2K3R1 b - - 2 30,g4e3 g5f6 f3f6 e5f6,1035,77,97,1874,advantage endgame master short,https://lichess.org/ObH2GwIv/black#60,
2ervf,r1bqkb1r/1p1pnppp/p5n1/2p2N2/B3P3/6B1/PPP2PPP/RN1QK2R b KQkq - 1 9,b7b5 f5d6,1036,76,99,1279,mate mateIn1 oneMove opening smotheredMate,https://lichess.org/xeaejUWd/black#18,Ruy_Lopez Ruy_Lopez_Cozio_Defense
14dUG,5rk1/p1p1b1pp/2p5/7Q/3qP3/2N5/PPP3PP/R1B3K1 w - - 3 18,g1h1 f8f1,1037,76,99,1235,backRankMate mate mateIn1 middlegame oneMove,https://lichess.org/mjIPpJlt#35,Vienna_Game Vienna_Game_Other_variations
0XQtR,4rk2/pp4qb/2pQ4/8/3P2N1/2P4P/PP3PP1/6K1 b - - 6 33,f8g8 g4f6 g8f7 f6e8,1042,76,99,1133,advantage endgame fork short,https://lichess.org/ZqrfG5tv/black#66,
2cM4w,4k3/5R1p/4p1pN/8/8/4PPPb/5r1P/7K w - - 7 40,h1g1 f2f1,1044,77,100,1082,endgame mate mateIn1 oneMove operaMate,https://lichess.org/PICqOIg9#79,
0gZaN,r2q1rk1/pQ4pp/3pb3/2p1np2/P1P5/2P1P3/4BPPP/R1B2RK1 b - - 0 15,e6c4 e2c4 e5c4 b7d5,1054,76,99,2389,crushing middlegame short,https://lichess.org/ZWL0QQO9/black#30,Indian_Defense Indian_Defense_Budapest_Defense
24WLD,2R1rnk1/p4ppQ/1p6/1P1p1Bq1/1B1Pn3/8/P4PPP/6K1 b - - 0 21,f8h7 c8e8 h7f8 e8f8,1056,76,100,2180,hangingPiece kingsideAttack master mate mateIn2 middlegame operaMate pillsburysMate short,https://lichess.org/Fk3w6bMy/black#42,
2H5c1,2r2rk1/1pp2ppp/p2b4/3Pp3/4R3/P5Pq/1PP2P1P/R1BQ2K1 b - - 2 19,f7f5 e4h4 h3h4 g3h4,1057,79,94,1260,advantage middlegame short trappedPiece,https://lichess.org/ARFjYKFU/black#38,Nimzowitsch_Defense Nimzowitsch_Defense_Franco-Nimzowitsch_Variation
0EgHp,r5k1/4Qp1p/pr3p2/8/2q5/6R1/5PPP/4R1K1 b - - 3 25,g8h8 e7e8 a8e8 e1e8,1058,78,99,3073,endgame mate mateIn2 sacrifice short,https://lichess.org/qK15zCBi/black#50,
09tnZ,rnb2k1r/4bpNp/pq6/2p5/1p6/1B3Q2/PPP2PPP/R4RK1 b - - 2 15,f8g7 f3f7 g7h6 f7e7,1062,79,94,11607,advantage fork middlegame short,https://lichess.org/PbBLDBgT/black#30,Sicilian_Defense Sicilian_Defense_Najdorf_Variation
0F2wJ,1r1r2k1/p3q2p/b3p1p1/5p2/8/1Pb5/P1PB1PPP/1R1QRNK1 w - - 4 20,d1f3 c3d2 f1d2 d8d2,1063,79,94,2731,advantage middlegame short,https://lichess.org/DWW2rShi#39,
15WQO,3q1rk1/pQ1nbppp/4p3/4p3/8/2P1B3/P1P2PPP/2KR3R w - - 1 16,b7d7 e7a3 c1d2 d8d7,1076,79,92,3435,crushing interference intermezzo middlegame short,https://lichess.org/GH8z5tXI#31,Sicilian_Defense Sicilian_Defense_Taimanov_Variation
10oTe,rnbq1rk1/1p3p2/2p1p1pQ/6N1/p2P4/7P/PPP2PP1/R4RK1 b - - 0 17,f8e8 h6h7 g8f8 h7f7,1079,77,96,2659,kingsideAttack mate mateIn2 middlegame short,https://lichess.org/DE2PeHCJ/black#34,French_Defense French_Defense_Exchange_Variation
0i4h6,r1bqk1nr/ppp2ppp/3b4/3pn3/3Q4/P3P3/1PP2PPP/RNB1KBNR w KQkq - 2 6,d4d5 d6b4 a3b4 d8d5,1080,76,95,8319,crushing discoveredAttack opening short,https://lichess.org/IQtmjg3Z#11,Queens_Pawn_Game Queens_Pawn_Game_Other_variations
0llE5,rn3rk1/1b3p1p/4pp2/pp5Q/2pP1q1N/2P5/PPB2PPP/3R1RK1 b - - 3 17,f4g5 h5h7,1084,77,94,2245,kingsideAttack mate mateIn1 middlegame oneMove,https://lichess.org/Z0umTvnz/black#34,Queens_Pawn_Game Queens_Pawn_Game_Colle_System
1CgNk,1r4k1/3p3p/4p1p1/p7/P2Q4/K1Nn4/1r1pqPPP/R2R4 w - - 2 35,c3e2 b8b3,1092,75,98,1589,blindSwineMate mate mateIn1 middlegame oneMove,https://lichess.org/qjPiuVZz#69,
1JoCX,2k2b1r/1pp2ppp/4pn2/1P1r3q/3N4/1QP4P/1P3PP1/R3R1K1 b - - 0 19,f8c5 a1a8 c8d7 a8h8,1093,76,96,1002,advantage middlegame short skewer,https://lichess.org/YTn51eNR/black#38,
0n7ZT,2kr1b1r/1pp3pp/p7/3P2q1/8/P3P1nP/1P2BP2/RN1Q1RK1 w - - 0 16,f2g3 g5g3 g1h1 g3h3,1093,76,98,1498,crushing kingsideAttack middlegame short,https://lichess.org/c7Np8eow#31,Queens_Pawn_Game Queens_Pawn_Game_Accelerated_London_System
03U7I,5r1k/r2n1p1p/p2pb1p1/1p6/3qP1N1/P2B1Q2/1P4PP/R4R1K b - - 5 21,d7e5 f3f6 h8g8 g4h6,1096,76,96,3938,kingsideAttack mate mateIn2 middlegame short,https://lichess.org/S0hYdrjl/black#42,
0WSgB,1n3b1r/1bN4p/pB1p1k2/4p1p1/3N4/2P3P1/P1P2P1P/2KR4 b - - 2 23,e5d4 b6d4 f6f7 d4h8,1103,76,96,1738,advantage middlegame short skewer,https://lichess.org/eNzlXG6z/black#46,
0QR0l,r3kb1r/1pp3pp/1qn1Bp2/1p1Qp3/8/2B5/P1bPNPPP/R4RK1 b kq - 1 17,a8d8 e6f7 e8e7 d5e6,1105,76,97,1033,mate mateIn2 middlegame short,https://lichess.org/Y6aGR0KB/black#34,Scandinavian_Defense Scandinavian_Defense_Main_Line
2lhKL,r7/ppp5/1b1p1k1p/3P1bp1/3P1pP1/2P2R1P/PP1K4/4R3 b - g3 0 23,f4g3 e1e6 f6g7 f3f5,1106,77,99,2031,advantage deflection endgame pin short,https://lichess.org/FjokR6f8/black#46,
2sqe1,r2qkbnr/ppp2ppp/3P4/4p3/2B1N3/P4Q2/1P3PPP/n1B2K1R b kq - 0 11,c7d6 f3f7,1107,77,95,2839,attackingF2F7 mate mateIn1 middlegame oneMove,https://lichess.org/nRlSofvg/black#22,French_Defense French_Defense_Tarrasch_Variation
2wuoz,8/8/6p1/1pbkB1Pb/5K1P/1PPBP3/P7/8 w - - 2 40,e5d4 c5d6 d4e5 d6e5,1108,76,99,6193,bishopEndgame endgame mate mateIn2 short,https://lichess.org/lJ9VZXYJ#79,
2ubpW,r3k2r/pppbqpp1/3p1n1p/2b1p3/2BnP3/2NPBN1P/PPP2PP1/R2QR1K1 w kq - 6 10,f3d4 e5d4 e3d4 c5d4,1109,80,92,8367,advantage fork middlegame short,https://lichess.org/LuFTEYuQ#19,Italian_Game Italian_Game_Anti-Fried_Liver_Defense
0LVRm,8/4r3/7p/p6P/P1Rp2P1/k2B4/2Pb1K2/8 w - - 6 58,c4d4 d2e3 f2g3 e3d4,1110,76,97,2489,crushing endgame fork master short,https://lichess.org/DrHZbwSu#115,
0Y3kt,8/1p3k2/5pR1/1p1N1P2/1P2P1K1/1r4r1/8/2R5 w - - 9 50,g4f4 b3f3,1111,77,96,2450,blindSwineMate endgame mate mateIn1 oneMove,https://lichess.org/XtHocmPY#99,
1QkVe,3r3r/pkpqNppp/1p6/2Q1p3/1PP5/3P4/1Pn2PPP/R1B1R1K1 w - - 2 17,a1a7 b7a7 e7c6 a7b7,1118,76,96,3329,advantage hangingPiece middlegame short,https://lichess.org/S5QMb1q6#33,Zukertort_Opening Zukertort_Opening_Lemberger_Gambit
1MyZ4,5k2/pp3Rp1/2b1p1Bp/3p4/8/7P/P3r1P1/7K b - - 7 31,f8e8 f7f2 e8e7 f2e2,1119,78,94,1417,advantage discoveredAttack discoveredCheck endgame short,https://lichess.org/tO2LifuJ/black#62,
2wkD8,2B5/p4R1p/1kpp4/6q1/1PP1p3/6P1/P2b2K1/8 b - - 4 30,c6c5 f7b7 b6c6 b4b5,1122,78,99,2119,endgame mate mateIn2 short,https://lichess.org/5JsorbTd/black#60,
1fmPx,r2qk2r/pQp2ppp/3b4/4p3/3n4/4B3/PPP2PPP/RN2R1K1 b kq - 4 13,d4c2 b7c6 e8f8 c6c2,1125,75,95,4654,crushing fork middlegame short,https://lichess.org/8sowScEC/black#26,Russian_Game Russian_Game_Modern_Attack
0RH6c,r7/pp3pkp/3q2p1/3p4/6nr/1P1QP1P1/P3NP2/2RR2K1 w - - 0 22,g3h4 d6h2 g1f1 h2f2,1129,77,96,2915,kingsideAttack mate mateIn2 middlegame short,https://lichess.org/HTT3HG2L#43,
1RuGa,r1bqkr2/1pp2pQ1/p2bn2p/8/2B1N3/3P4/PPP2PPP/R1B1R1K1 b q - 2 13,e6g7 e4f6,1129,78,96,5016,discoveredCheck doubleCheck epauletteMate mate mateIn1 oneMove opening,https://lichess.org/xJh5JG4w/black#26,Bishops_Opening Bishops_Opening_Other_variations
1wVrc,4r3/p1q2pk1/1p1p3p/3Q2p1/8/5P2/PPPR2PP/2K5 w - - 0 25,d5d6 e8e1 d2d1 c7d6,1130,79,94,2036,crushing endgame pin short,https://lichess.org/CyAZOPPH#49,
2GrUv,r2qr1k1/ppp3p1/2n4p/1Q1pp3/4n3/2P1PN1P/PP4P1/2KR1B1R b - - 0 16,d8f6 b5d5 g8h8 d5e4,1130,75,93,1028,advantage fork middlegame short,https://lichess.org/kWRjR2DE/black#32,Kings_Pawn_Game Kings_Pawn_Game_Other_variations
0DlgQ,6k1/B5p1/1pp4p/p2n4/2N1p1P1/2Pb3P/1P3KP1/8 w - - 2 32,c4b6 e4e3 f2g3 e3e2,1131,80,95,15868,advancedPawn crushing endgame short,https://lichess.org/Sr42FLZh#63,
11OhO,rn1k3r/p2bq1bp/1B1N2p1/1Q1pP3/8/8/PPP2PPP/R4RK1 b - - 0 17,a7b6 b5b6,1132,76,99,1715,mate mateIn1 middlegame oneMove,https://lichess.org/EwL4NpiS/black#34,Petrovs_Defense Petrovs_Defense_Italian_Variation
0TTKK,8/p3kpQp/4r3/1p1p1q2/8/5p2/PP1N1K1P/7R w - - 2 33,d2f3 f5c2 f2g3 e6g6,1136,79,93,1847,crushing endgame short,https://lichess.org/1M4jQ1ro#65,
11trO,3R1Bk1/5p1p/4r1p1/3p4/p6r/P1P2P2/KP5P/8 b - - 2 33,h4c4 f8h6 e6e8 d8e8,1137,80,95,8037,discoveredAttack discoveredCheck endgame mate mateIn2 pillsburysMate short,https://lichess.org/RUptO9A3/black#66,
1It6d,3r3k/5Qp1/p3Nn1p/1p4q1/8/P4bP1/BP3P1P/2r2RK1 w - - 0 24,e6g5 c1f1 g1f1 d8d1,1138,75,96,5349,attraction mate mateIn2 middlegame pillsburysMate short,https://lichess.org/C6oWkbOa#47,
2qeJF,r1b2k2/ppqnrp1Q/2p3p1/3pb1N1/P4P2/6P1/1P4BP/RN2R1K1 b - - 0 19,f7f6 h7h8,1140,77,95,2961,mate mateIn1 middlegame oneMove,https://lichess.org/X9cYHGTZ/black#38,Kings_Indian_Attack Kings_Indian_Attack_Symmetrical_Defense
0A4K2,r5k1/1p6/p1p1p1bq/1PPp1p2/P2P3r/2N1PB2/4K1P1/2RQ1R2 w - - 2 28,e2d2 h4d4 d2e2 d4d1,1141,76,95,22456,crushing middlegame pin short skewer,https://lichess.org/7bHVg6Kg#55,
1flJQ,k3r3/pp6/3Q3p/8/3P4/5Rp1/P5Pq/5K2 w - - 9 39,d6g3 h2h1 f1f2 h1e1,1141,78,99,2049,endgame mate mateIn2 short,https://lichess.org/m4XqeVwu#77,
2f0GZ,r3k2r/1b3ppp/p1Np1q2/2b1n3/8/2N5/PPP2PPP/R1BQR1K1 w kq - 3 14,c3d5 f6f2 g1h1 b7c6,1144,76,95,9629,crushing middlegame short,https://lichess.org/gfx750pB#27,Ruy_Lopez Ruy_Lopez_Morphy_Defense
1TNln,r1b1k1nr/pppp1ppp/8/2b1P3/Pn6/2N2N2/1qPBPPPP/R2QKB1R w KQkq - 1 8,a1b1 b4c2 d1c2 b2c2,1146,76,96,4350,advantage opening short,https://lichess.org/0sTxEEpB#15,Englund_Gambit Englund_Gambit_Other_variations
1MzkF,r1b1k1nr/p1pp1ppp/2p5/4q3/8/2N5/PPP3PP/R1BQ1BKR w kq - 0 11,f1c4 e5c5 g1f1 c5c4,1152,75,95,22012,advantage fork opening short,https://lichess.org/BbqkiDzj#21,Three_Knights_Opening Three_Knights_Opening_Other_variations
18ROa,1kr5/2n4R/2p5/8/Q2P4/2P4P/Pq4P1/6K1 w - - 0 30,a4c6 b2b1 g1h2 b1h7,1153,77,95,2292,crushing endgame fork master short,https://lichess.org/9PAGJF1B#59,
0M5CF,r2q1rk1/2p1ppbp/p1npb1p1/1p6/1n1PP1P1/3B1N1P/PPPBQP2/1NKR3R w - - 1 13,d4d5 b4a2,1154,80,92,1284,mate mateIn1 middlegame oneMove queensideAttack smotheredMate,https://lichess.org/l2tfI4k1#25,Queens_Pawn_Game Queens_Pawn_Game_Modern_Defense
312fL,8/p3Qpkp/1p4p1/1P1p2N1/2nP4/7P/Pq3PPK/8 b - - 13 36,b2f2 g5e6 g7h8 e7f8,1154,76,94,3280,endgame mate mateIn2 pin short,https://lichess.org/VGpfr3W3/black#72,
0HdzK,r3k3/pbQ4p/5K2/5p2/8/3q4/P5rP/4R3 b q - 1 31,b7e4 c7e7,1154,78,94,1381,endgame mate mateIn1 oneMove,https://lichess.org/2hewv3mH/black#62,
1pwdQ,5r2/1R3pk1/4p3/3pP1NK/5P2/4n3/8/8 b - - 0 45,e3f5 g5e6 g7g8 e6f8,1154,76,97,1204,crushing endgame pin short,https://lichess.org/z86sRrNN/black#90,
0xzbv,r1bqk2r/pp3ppp/2n1pn2/8/2pP4/P3B1P1/1P1Q1PBP/R3K1NR b KQkq - 0 10,d8a5 g2c6 b7c6 d2a5,1155,78,95,4579,crushing middlegame short,https://lichess.org/ItWmnvwU/black#20,Queens_Gambit_Declined Queens_Gambit_Declined_Other_variations
1tTQk,rn1qk2r/pbppb1pp/1p3B2/3pN3/2P1p3/2N5/PP3PPP/R2QKB1R b KQkq - 0 9,g7f6 d1h5 e8f8 h5f7,1157,75,97,5095,mate mateIn2 opening short,https://lichess.org/PR8ST8e3/black#18,Dutch_Defense Dutch_Defense_Classical_Variation
1yPRs,3r1k2/1pR2pp1/3P1pn1/7N/p1P2PQ1/3q2PK/7P/8 w - - 1 38,f4f5 d3f1,1160,76,100,1146,endgame mate mateIn1 oneMove,https://lichess.org/yDD5w3Tq#75,
2EvET,r4r2/2pq1pk1/p2b1pbp/3Q4/1P1P4/P4NNP/5PP1/2R1R1K1 w - - 1 24,g3e4 d6h2 g1h2 d7d5,1162,79,95,11821,crushing discoveredAttack middlegame short,https://lichess.org/AFilMJJg#47,
1b7ul,3q2k1/pQ3pp1/7p/8/2rp4/5P1P/PP4P1/5R1K w - - 0 31,f1e1 d4d3 e1d1 d3d2,1163,75,91,2496,advancedPawn crushing endgame short,https://lichess.org/FVF9wMTa#61,
2EnRz,r3r1k1/1b3pp1/p4n1N/2ppq3/7B/2PB1Q1P/PP3PP1/5RK1 b - - 0 20,g7h6 h4f6 e5f6 f3f6,1165,79,99,5066,crushing master middlegame short,https://lichess.org/JrYja8Di/black#40,
02AeY,8/4k3/4p3/p2pP3/2pPb3/2K1P1RB/PP2r3/4N3 w - - 3 54,g3g1 e2e3 c3d2 e3h3,1167,75,95,7081,advantage endgame fork master masterVsMaster short,https://lichess.org/7db6HE38#107,
2bsT0,5r1r/pp5k/1n1p1npP/1q2p3/3QP1B1/1PP2P2/PKN5/3R3R w - - 0 27,d4d6 b6c4 b2b1 c4d6,1167,78,95,2694,advantage middlegame pin short,https://lichess.org/CzUMZM8o#53,
2gYM6,6k1/6p1/1b5p/5p2/1P6/6P1/2r3KP/1R3B2 w - - 1 35,g2f3 c2f2,1171,78,94,1152,endgame mate mateIn1 oneMove operaMate,https://lichess.org/UZtSppAP#69,
2dPei,2R5/p4ppk/4p2p/3pP1PP/7K/5PQ1/1r6/5q2 b - - 2 36,b2g2 g5g6 f7g6 h5g6,1171,77,100,1689,endgame mate mateIn2 short,https://lichess.org/g0Z6sL9M/black#72,
2TauJ,rnbqrk1Q/pppp1pp1/3n1b1p/4p1N1/7P/1BN5/PPPP1PP1/R1B1K2R b KQ - 5 11,f8e7 c3d5,1171,75,95,1461,mate mateIn1 oneMove opening,https://lichess.org/Ov8M0tBh/black#22,Vienna_Game Vienna_Game_Stanley_Variation
2VmIj,r7/p3Ppkp/2p2N2/5pp1/1P6/P4P1P/6PK/B1r5 w - - 1 35,e7e8q a8e8 f6e8 g7f8,1173,75,95,1063,crushing endgame short,https://lichess.org/k1OOK4Dg#69,
0Z19B,r2qk1nr/pp3pbp/3pp1p1/2p5/3nPP2/2NP3P/PPPB2P1/R2QKB1R w KQkq - 0 10,g2g4 d8h4,1174,76,96,4915,master mate mateIn1 middlegame oneMove,https://lichess.org/ABkb6esZ#19,Sicilian_Defense Sicilian_Defense_Grand_Prix_Attack
25WAr,r4rk1/1p3ppp/2p5/p3n2q/P3b1n1/1Q2PN2/1P1N1PP1/R1BR1BK1 w - - 3 19,d2e4 e5f3 g2f3 h5h2,1175,77,95,1097,kingsideAttack mate mateIn2 middlegame short,https://lichess.org/rPE0UElo#37,Queens_Gambit_Declined Queens_Gambit_Declined_Other_variations
1sQZi,8/4kpp1/1p6/1Pp1P2P/2P2K2/8/8/8 w - - 3 45,f4f5 g7g6 f5e4 g6h5,1175,80,95,1098,crushing endgame master pawnEndgame short,https://lichess.org/lnXwqlBu#89,
1ehX3,4r3/1pp4k/p2p3n/5Pr1/2P1bR2/2P1B1PP/PP5K/4R3 w - - 0 31,f4e4 e8e4 e3g5 e4e1,1178,76,95,1140,advantage endgame hangingPiece short,https://lichess.org/VAAkdxkx#61,
2RPWJ,5r1k/pp2p1bp/5qp1/3pp3/B1pP4/P1P3BP/1P2NPK1/1R3R2 w - - 2 24,d4e5 f6f3 g2g1 f3e2,1178,77,95,5606,advantage fork middlegame short,https://lichess.org/D2nstgEt#47,
2gc9O,5R2/6p1/4p3/5pkp/8/1B2PP2/P3bPKP/1r6 w - - 4 34,b3e6 e2f1 g2g3 h5h4,1179,74,99,4133,endgame mate mateIn2 short,https://lichess.org/UTW3hXaJ#67,
1InI5,6k1/pp2Rpb1/3P2Qp/8/P7/5nKP/Bq3PP1/2r5 b - - 4 26,b2a2 e7e8,1179,76,95,5125,endgame mate mateIn1 oneMove,https://lichess.org/7kNjj1bo/black#52,
1kJOf,8/8/8/8/7P/prk3P1/Q6K/8 w - - 11 58,h4h5 b3b2 a2b2 a3b2,1179,78,96,6600,advancedPawn crushing endgame fork queenRookEndgame short,https://lichess.org/IiMt1J0k#115,
0VD16,r4rk1/1b1n1p1p/pq2p1pP/1p2P1B1/5Q2/5N2/PPP1BbP1/2KR3R b - - 2 17,f2e3 f4e3 b6e3 g5e3,1181,79,91,2640,crushing middlegame short,https://lichess.org/6UBZAIwI/black#34,Queens_Pawn_Game Queens_Pawn_Game_Veresov_Attack
0UkMz,3r1rk1/pp3ppp/2bbp3/8/4PP2/P1NBR3/1PQ3Pq/3R1K2 b - - 0 19,d6f4 e3h3 h2h3 g2h3,1181,75,96,1951,advantage middlegame short trappedPiece,https://lichess.org/LSYvXxSw/black#38,
2HrQe,rn3k1r/pp4p1/2p1pq1p/2b1N2Q/4PB2/2Pp4/PP4PP/RN5K b - - 3 14,f6f4 e5g6 f8g8 g6f4,1182,76,95,5396,crushing fork middlegame short,https://lichess.org/wzCF8THM/black#28,Caro-Kann_Defense Caro-Kann_Defense_Maroczy_Variation
0VF3V,r1b2rk1/1p1pbpp1/p2qp2p/2p4P/1nP3P1/1PN1PN2/PQ1PKPB1/R6R w - - 1 16,c3e4 d6d3 e2d1 d3e4,1187,75,99,1149,advantage fork middlegame short,https://lichess.org/b2ucHBVM#31,English_Opening English_Opening_Symmetrical_Variation
1lLKS,r2qk1nr/3b3p/p1p1p1N1/3p2bQ/3P3P/8/PP3PP1/RN2K2R b KQkq - 0 14,d8a5 b1c3 g5d2 e1d2,1190,76,94,4173,advantage defensiveMove middlegame short,https://lichess.org/yUyBIh0I/black#28,French_Defense French_Defense_Advance_Variation
25PxR,2r3k1/1q4p1/7p/1P2QN2/p5PP/P3P2n/2r2P2/R2R2K1 w - - 3 39,g1h2 c2f2 h2h3 b7g2,1193,75,100,1500,mate mateIn2 middlegame sacrifice short,https://lichess.org/PrnZi0rw#77,
2Unct,r1b1kbnr/pp3pp1/2p4p/q3p3/2B1PP2/2N5/PPP3PP/R1BQ1RK1 w kq - 1 10,f4e5 a5c5 g1h1 c5c4,1196,75,99,1974,advantage fork opening short,https://lichess.org/i7tul1J7#19,Rat_Defense Rat_Defense_Antal_Defense
09FtK,r3k2r/1pQ2p2/p1b1pPp1/Bq3nNp/3p1P2/1P1P4/P5PP/R4RK1 b kq - 6 23,b5d5 c7f7,1197,76,100,1756,attackingF2F7 mate mateIn1 middlegame oneMove,https://lichess.org/2ukOueD3/black#46,
0Y1FJ,2r4k/1p2p3/p1npN1Q1/P3bn2/8/2P4P/1P3qP1/R6K b - - 2 28,c8g8 g6h5 f5h6 h5h6,1198,74,99,1601,mate mateIn2 middlegame short,https://lichess.org/1ld76EgK/black#56,
2lkWo,1r1q1r1k/5pp1/3p3p/p2Bp2b/P3Q2b/2P3PP/1P3P2/R1B2RK1 b - - 0 20,f7f5 e4h4 d8h4 g3h4,1206,80,93,3117,advantage middlegame short,https://lichess.org/WJ1xEKm4/black#40,
18NK3,6k1/5pp1/PQ1p1q1p/1P2p3/2r5/8/5PrP/R4RK1 w - - 0 27,g1g2 c4g4 g2h1 f6f3,1211,76,96,12917,endgame mate mateIn2 short,https://lichess.org/OqN1cSe9#53,
0nlK7,8/p2r1k1p/1b3p2/8/3r1P2/3B3P/PPP4P/R1K3R1 w - - 1 29,a2a3 d4d3 c2d3 b6g1,1212,75,100,1170,advantage discoveredAttack endgame short,https://lichess.org/y0zvQDZl#57,
0n3OR,1r2n1k1/R2r1p2/1qpbp1pp/3p4/1P1PP3/2PN1PP1/3BQ1KP/R7 w - - 0 28,e4e5 d7a7 a1a7 b6a7,1214,74,95,17376,advantage middlegame short,https://lichess.org/w264mXpm#55,
25KUf,r4rk1/6p1/p1q2p2/1pn1pPPp/3pP3/3B4/PPPQ2P1/2KR3R w - - 0 21,a2a4 c5b3 c1b1 b3d2,1218,77,95,32775,crushing middlegame pin queensideAttack short,https://lichess.org/KKeVX6mo#41,
0OHuc,r4r1k/3n1p1p/2p1pR1B/1p1pP2p/p2P4/2PP4/P1K5/6R1 b - - 5 29,d7f6 h6g7 h8g8 g7f6,1218,79,91,2880,discoveredAttack discoveredCheck endgame fork mate mateIn2 pillsburysMate short,https://lichess.org/j3hB44QP/black#58,
0gvAP,2k2b1r/p1r3pp/1p2pp2/1B6/P1qP2P1/2P2QP1/1R5P/1R4K1 b - - 2 23,c4c3 f3a8,1224,75,99,5416,mate mateIn1 middlegame oneMove,https://lichess.org/UPahqRfA/black#46,
13sbY,2r3k1/R5R1/2b1p1K1/2n1Pp2/5P2/5P2/1p2P3/8 b - - 1 41,g8f8 a7f7 f8e8 g7g8,1230,79,93,18077,endgame mate mateIn2 short,https://lichess.org/SYNf9feX/black#82,
1h0eS,2k5/2P5/1K6/4p3/4p1pp/8/5PPP/8 w - - 0 50,b6c6 g4g3 h2g3 h4g3,1231,80,94,13942,crushing endgame master pawnEndgame short,https://lichess.org/SKZ71Ozf#99,
0Jwdg,1r6/1r4pk/7p/q2pQ3/2RP4/P7/6PP/2R3K1 b - - 0 37,a5a3 e5f5 g7g6 c4c7,1233,79,92,1808,crushing endgame short,https://lichess.org/JTEJxWlL/black#74,
0rxFF,6rr/pppq4/2np1k2/4pbp1/2P3B1/3P3P/PP3PP1/R1BQ1RK1 w - - 2 17,d1f3 c6d4 f3f5 d4f5,1233,76,92,1325,crushing middlegame short,https://lichess.org/TaHhiFpO#33,English_Opening English_Opening_Other_variations
2e1xy,r4bk1/ppp2r1p/2np1p1Q/4qBpP/6P1/2N1P2N/PPP2P2/2KR3R w - - 5 17,f2f4 e5e3 c1b1 f8h6,1236,79,92,1255,advantage master middlegame short,https://lichess.org/ADGd094w#33,Queens_Pawn_Game Queens_Pawn_Game_Other_variations
00u3h,8/2p2rkp/1p4p1/p2PQ3/2P3P1/1P1q1B1P/P1n3K1/8 b - - 7 41,g7h6 g4g5,1237,74,99,1570,endgame mate mateIn1 oneMove,https://lichess.org/7WG19onG/black#82,
0SPIa,3r1rk1/bb3ppp/p3p3/1p2q3/1P2B3/P7/3NQPPP/R4RK1 b - - 0 21,d8d2 e4h7 g8h7 e2e5,1238,80,93,8872,advantage discoveredAttack kingsideAttack middlegame short,https://lichess.org/6MNE8zMf/black#42,
0nvB8,1r3k1r/pPp1qpp1/2B5/6P1/8/1P5b/P1P1Pn2/RNB1Q1K1 b - - 1 18,f2g4 c1a3 e7a3 b1a3,1238,75,96,4154,crushing middlegame pin short,https://lichess.org/zerMTRLv/black#36,Zukertort_Opening Zukertort_Opening_Other_variations
27Fph,r1bqkb1r/1p3ppp/p7/4Pp2/Q2n4/4NN2/PP1B1PPP/R3K2R b KQkq - 1 13,b7b5 a4d4 d8d4 f3d4,1238,76,94,18572,advantage middlegame short,https://lichess.org/yZqI6PWK/black#26,Sicilian_Defense Sicilian_Defense_French_Variation
14ITS,r4rk1/2R2p2/3N1Qpp/1N1q4/P7/7P/6PK/8 w - - 5 39,c7f7 f8f7 d6f7 d5f7,1244,75,100,1223,advantage middlegame short,https://lichess.org/bh6Mbmki#77,
1Mwrj,2R5/pp4pk/1b2prQp/3pN2P/3Pn3/BP2q3/P5PK/8 b - - 3 29,f6g6 h5g6,1245,76,98,3766,master mate mateIn1 middlegame oneMove,https://lichess.org/teFzYomO/black#58,
0l4ZG,r5k1/p1P1R2p/8/6p1/2N2R2/1P4Pb/P4K1P/2r5 w - - 2 33,f4f7 c1f1 f2e3 f1f7,1245,75,95,4180,advantage endgame master short,https://lichess.org/W9uIqx2B#65,
1IQTJ,4r1k1/3rp1b1/p5p1/5q1p/2P1NBp1/1P1n2N1/P2Q4/1K1R3R b - - 1 27,f5f4 d2f4 d3f4 d1d7,1247,78,92,3587,advantage discoveredAttack middlegame short,https://lichess.org/JqhYVyUn/black#54,
2neNV,1k6/1P6/1K1Np1p1/P3P2p/8/8/4r2P/8 b - - 3 48,e2b2 d6b5 b2b5 b6b5,1253,79,94,1225,crushing defensiveMove endgame short,https://lichess.org/qTDgnAN6/black#96,
1DEtl,r4b2/ppp3R1/2n1kp1R/3p2N1/3Pr3/8/PPP5/2K5 b - - 8 27,e6d6 h6f6 e4e6 f6e6,1254,77,96,4423,mate mateIn2 middlegame short,https://lichess.org/T7kqAnyG/black#54,
29AZ8,r1b2rk1/ppp2ppB/8/3N4/1P3P2/P7/2P2qPP/R2Q3K b - - 0 17,g8h7 d1h5 h7g8 d5e7,1254,76,96,17519,mate mateIn2 middlegame short,https://lichess.org/8mtPJsQ1/black#34,Englund_Gambit_Complex Englund_Gambit_Complex_Englund_Gambit
0OTc7,5k2/1p1R4/p2b2K1/6B1/8/P1r5/8/8 b - - 5 56,d6a3 d7d8,1255,79,93,1940,endgame mate mateIn1 oneMove pillsburysMate,https://lichess.org/ZGxd4LAP/black#112,
1rzOf,5k2/8/1p6/p1bn1pR1/P5p1/2PNp3/2K5/8 b - - 3 41,e3e2 g5f5 f8e7 f5d5,1256,79,95,10829,crushing endgame fork short,https://lichess.org/ulBaIkf5/black#82,
0gulR,r4r2/pp1b1pk1/2p1p1Rp/4R3/2PP4/3Q2Pq/PP1B3P/1B5K b - - 0 24,f7g6 d3g6 g7h8 g6h7,1262,76,91,1620,mate mateIn2 middlegame short,https://lichess.org/c3sZSMdq/black#48,
2DGcb,QnRbk2r/5ppp/1r2pn2/B2p4/q2P4/4P3/5PPP/1N3RK1 w k - 3 26,c8b8 b6b8 a8b8 a4a5,1265,77,91,2061,advantage middlegame short,https://lichess.org/fSKSDybI#51,
2iiJS,8/pp4kp/2p1P1p1/3p2b1/3P3P/2P3B1/PP3RK1/3q1B2 b - - 0 36,g5e7 f2f7 g7g8 f7e7,1267,77,95,10464,crushing endgame fork master short,https://lichess.org/RqbnJaRR/black#72,
0S6hN,r5k1/bppn2p1/p2pp2p/P3p3/1P1PPr2/2P3qP/5PPN/R2Q1RK1 b - - 0 20,e5d4 f2g3 d4c3 g1h1,1268,76,93,3873,crushing defensiveMove middlegame short,https://lichess.org/mH1Mrmjb/black#40,
1RlfD,r1b2r1k/ppq2p2/2n1pp2/6p1/5P2/2PB1Q2/PP3P1P/R4RK1 b - - 0 18,c7f4 f3h5 h8g7 h5h7,1271,75,98,1572,kingsideAttack mate mateIn2 middlegame short,https://lichess.org/ZqWRBcDl/black#36,Queens_Pawn_Game Queens_Pawn_Game_Colle_System
12eoV,3r3k/3b3p/3p4/p1p1pp2/2P4q/5BrP/PPN3P1/1R2Q1RK w - - 2 38,c2e3 g3h3 g2h3 h4h3,1275,77,95,8491,kingsideAttack mate mateIn2 middlegame sacrifice short,https://lichess.org/DRycu9UF#75,
1rSGO,r4b2/nk3Q2/pp1pN3/3P4/2P5/4K1P1/P5qr/R1R5 b - - 1 26,b7b8 f7c7,1277,80,92,2714,mate mateIn1 middlegame oneMove,https://lichess.org/HPKjQrvc/black#52,
1xqIK,4r1k1/Q2N1bb1/R6p/1p1pN3/1PnP1qp1/8/5PP1/5BK1 b - - 1 38,g4g3 d7f6 f4f6 a6f6,1277,75,95,9386,crushing fork master middlegame short,https://lichess.org/LYEu8JAN/black#76,
1M1CH,2r3k1/2r2ppp/Q3p3/3n3q/P1p2P2/1R2P2P/5PB1/2R3K1 b - - 0 29,c4b3 a6c8 c7c8 c1c8,1278,76,94,15202,backRankMate mate mateIn2 middlegame short xRayAttack,https://lichess.org/dQLpTGHW/black#58,
1Ccp1,r5r1/3b1pk1/p3p3/1p2P2R/2pP4/2P1N3/4KP2/R7 b - - 1 27,g8h8 a1g1 g7f8 h5h8,1279,74,94,21313,crushing deflection endgame master short,https://lichess.org/NKWoJzpT/black#54,
2j2qX,8/b7/3p2k1/3P4/6P1/3Pq1p1/6Q1/5B1K w - - 0 56,g2h3 e3g1,1280,75,96,2983,endgame mate mateIn1 oneMove,https://lichess.org/7aeJ2eJz#111,
2ypNM,3q1r2/5pk1/p4np1/4n2p/Pp5P/1P5N/1QP3P1/1K2R3 w - - 0 27,b2e5 f8e8 e5e8 f6e8,1281,74,96,32040,crushing endgame short,https://lichess.org/wPPSdxVi#53,
16qtr,r4rk1/1p3ppp/pb6/4pbB1/3pPnP1/PB1P3P/1PP2P2/R4RK1 w - - 0 19,e4f5 f4h3 g1g2 h3g5,1281,77,90,2532,advantage fork middlegame short,https://lichess.org/TXeYpgxQ#37,Bishops_Opening Bishops_Opening_Boi_Variation
1ElhB,3r4/p2P1pkp/4pn2/1B4B1/8/P7/6P1/6K1 b - - 4 37,d8d7 g5f6 g7f6 b5d7,1281,75,98,1667,advantage endgame intermezzo short,https://lichess.org/Zc25QKkz/black#74,
0cRj9,r1bqkb1r/pp3ppp/2np4/3p4/3P1B2/5N2/PPP2PPP/R2QKB1R w KQkq - 0 9,f1b5 d8a5 f4d2 a5b5,1284,76,96,4492,advantage fork opening short,https://lichess.org/RMc39Yad#17,Queens_Pawn_Game Queens_Pawn_Game_London_System
2zHgc,3N4/3k4/pB6/P1Pp2p1/2r5/5K2/8/8 w - - 2 60,d8f7 c4f4 f3g3 f4f7,1286,75,97,3029,crushing endgame fork master short,https://lichess.org/jLVF9pXR#119,
30yiP,3r1r1k/pp2qBpp/2p3n1/5R1Q/8/7P/P1P3P1/5R1K b - - 0 26,g6h4 h5h7 h8h7 f5h5,1286,75,96,1259,attraction mate mateIn2 middlegame pillsburysMate sacrifice short,https://lichess.org/9BH6TVU8/black#52,
2TBKG,1r3r2/2qbppkp/3p2p1/2pP4/1P2P3/6P1/2Q2PBP/2RR2K1 b - - 0 21,b8b4 c2c3 f7f6 c3b4,1287,76,90,1463,crushing middlegame short,https://lichess.org/IArZlBFk/black#42,
1ruaE,2r1r3/p5pp/nk6/1p2Np1b/8/BP1N2P1/1P5P/K3R3 b - - 0 30,e8e6 e5d7 b6b7 e1e6,1291,75,100,1380,advantage discoveredAttack middlegame short,https://lichess.org/Ogh6ZYbY/black#60,
0KaHc,r1q2r1k/1b1nbpp1/p3p2p/1N6/4BB2/4P3/PPQ2PPP/3R1RK1 b - - 0 18,a6b5 c2c8 b7c8 e4a8,1295,76,93,2260,advantage middlegame short,https://lichess.org/8M9gYbk8/black#36,Queens_Gambit_Declined Queens_Gambit_Declined_Other_variations
0q3h7,rn2kb1r/pb3p1p/1p2p1p1/2p1P3/3PNP2/3K1N2/P6P/R1B4R b kq - 0 18,f8h6 e4d6 e8d7 d6b7,1296,77,96,6032,advantage fork middlegame short,https://lichess.org/jCWwYCB8/black#36,Scandinavian_Defense Scandinavian_Defense_Other_variations
0w5AR,Nn3rk1/pb3ppp/1p1qp3/8/2Bp2n1/4PN2/PP3PPP/R2Q1RK1 w - - 1 14,h2h3 b7f3 h3g4 f3d1,1299,75,94,2036,advantage middlegame short,https://lichess.org/K0OA0XeH#27,Queens_Gambit_Declined Queens_Gambit_Declined_Harrwitz_Attack
0SNQ5,1r2k2r/2ppqpp1/p3p3/Q2n3p/2PP4/3p1P1P/P5P1/K1R1B2R b k - 0 24,d5f4 a5c7 e8g8 c7f4,1306,75,96,2622,advantage fork middlegame short,https://lichess.org/cCZi1giR/black#48,
18yBn,8/5ppk/5n1p/3P4/4P3/3q1PP1/2R2Q1P/r4BK1 w - - 9 37,g1g2 a1f1 f2f1 d3c2,1307,76,94,4121,advantage deflection endgame short,https://lichess.org/ke8tXW1w#73,
00H1C,r3r3/1kpRnqpp/p4p2/Qp2P2P/1N6/4Pb2/PPP3P1/2K2R2 b - - 0 22,e7c6 a5c7,1311,76,94,3313,mate mateIn1 middlegame oneMove swallowstailMate,https://lichess.org/GzcjOw0p/black#44,
0LyCR,r1b2rk1/pp2bppp/4p3/3pn3/1P1q4/P5P1/3N1PBP/1RBQ1RK1 b - - 0 14,c8d7 c1b2 d4d3 b2e5,1311,76,91,2165,advantage middlegame short skewer,https://lichess.org/By9F1AJY/black#28,French_Defense French_Defense_Advance_Variation
1IF1N,2r5/1p2ppk1/pn1p2p1/3Q2P1/bP2PP2/P1q2B2/2P2RK1/7R w - - 2 28,h1h7 g7h7 d5f7 c3g7,1313,77,96,1973,advantage middlegame short,https://lichess.org/Eg93dT9X#55,
08BXK,4r2k/1p3p1p/p3q3/8/4Rr2/4P1NP/PP3P1K/6R1 w - - 0 32,e4e6 f4f2 g1g2 f2g2,1315,76,92,1451,crushing endgame master masterVsMaster short,https://lichess.org/6gTdrW8a#63,
0M0Kh,r4r2/1p3pkp/p2p2p1/2pPn1R1/2P1P1n1/1PN4P/P1B3P1/R5K1 b - - 0 20,f7f6 g5g4 e5g4 h3g4,1315,78,92,1853,advantage middlegame short,https://lichess.org/fEYoIJqF/black#40,
2u5VF,2r3k1/p4ppp/2qnp3/2N1P3/3P4/7P/P1Q3P1/1R4K1 b - - 0 27,d6e4 c2e4 c6e4 c5e4,1316,79,90,1095,advantage endgame short,https://lichess.org/Fq7SkJH8/black#54,
0aeAc,7k/1pp3p1/p6p/2P5/1Q1N1p2/2P5/PPq3RP/4r2K w - - 1 32,g2g1 c2e4 d4f3 e4f3,1320,75,98,2797,endgame mate mateIn2 short,https://lichess.org/Vh4ztaNc#63,
2lbSF,8/p3k1b1/qp3p1p/3p1B2/3P2P1/P1RKPn2/2P5/1Q6 w - - 5 49,c3c4 a6c4,1327,76,95,2653,endgame mate mateIn1 oneMove,https://lichess.org/cLzRnVn5#97,
0M3zp,1k6/1rn3pq/2pb2p1/p2b2P1/P2P2Q1/2PK4/3BR3/5R2 b - - 18 43,c7e6 e2e6 d5e6 g4e6,1328,78,93,2273,advantage master middlegame short,https://lichess.org/Iqt4pQu6/black#86,
1gEjV,7k/5r2/4R2R/3p1pBp/p2P4/2PK3P/b5r1/8 b - - 3 39,h8g7 e6g6 g7f8 h6h8,1331,79,91,1184,endgame mate mateIn2 pillsburysMate short,https://lichess.org/pWke1iUV/black#78,
327k1,3k4/p3Rp1p/3P2p1/3r4/3p1P2/6KP/6P1/8 w - - 4 34,e7f7 d4d3 f7a7 d3d2,1342,75,94,1517,advancedPawn crushing endgame rookEndgame short,https://lichess.org/0vvxu23h#67,
0PkCd,2k3nr/ppp2ppp/2nr4/8/5P2/5P1q/PPPBB2P/RN1Q2KR w - - 5 13,d1f1 d6g6 g1f2 h3h4,1343,80,91,1026,advantage middlegame short,https://lichess.org/ktENJblU#25,Englund_Gambit Englund_Gambit_Other_variations
1DGSN,r3qrk1/p1pnb1pp/1p1ppn2/5p2/5P2/1P1NP1R1/PBPP2PP/RN1Q2K1 b - - 3 12,f6e4 g3g7 g8h8 g7e7,1345,74,98,6881,crushing discoveredAttack discoveredCheck kingsideAttack opening short,https://lichess.org/gaYDBWee/black#24,Bird_Opening Bird_Opening_Other_variations
2XU3G,1r4k1/1pp2ppp/p1q5/8/1P3Q2/P2Pr1P1/1B2P2P/R5K1 b - - 1 21,c6b6 b2d4 b6d4 f4d4,1345,74,95,21693,advantage endgame fork short,https://lichess.org/O70zJIpy/black#42,
010Yv,r2q1r1k/1b2b2p/p4n2/np1pQ3/8/7P/PPB2PP1/RNB1R1K1 b - - 1 20,d8d6 e5e7 d6e7 e1e7,1347,74,99,1893,advantage middlegame short,https://lichess.org/wfd7IC1C/black#40,
07YoN,6rk/1p6/p7/3N4/3Pp3/2P1P2p/Pn2KRrR/8 b - - 3 39,b2d3 h2h3 h8g7 f2g2,1348,76,95,6472,crushing endgame interference short,https://lichess.org/OejSaHhL/black#78,
0fyni,4N1k1/3P1p1p/1p4p1/8/1P5b/1n3P1P/3p2PB/1R5K w - - 1 38,h2e5 b3c1 h1h2 d2d1q,1349,79,93,1979,advancedPawn advantage endgame promotion quietMove short,https://lichess.org/DTOk1L5j#75,
30NH8,3r4/1kp1q3/1p1p4/p2Pn3/P1PBP1n1/8/4Q1P1/R4RK1 w - - 0 24,f1f4 e7h4 f4g4 e5g4,1354,78,91,1478,crushing middlegame quietMove short,https://lichess.org/oxw0eclz#47,
0o2hy,1r2nk2/2pR3p/2p1Pp2/8/5r2/1P5P/PK6/3R4 b - - 0 34,f4e4 d7f7 f8g8 d1g1,1357,79,94,8634,crushing endgame master short,https://lichess.org/NMtyhWEz/black#68,
1itpB,r1b2rk1/1p3ppp/p2qp3/4R1N1/P2P4/8/1P3PPP/R2Q2K1 w - - 2 17,g5h7 g8h7 e5h5 h7g8,1358,76,96,4925,advantage hangingPiece master middlegame short,https://lichess.org/z8oWv6wW#33,Queens_Gambit_Declined Queens_Gambit_Declined_Three_Knights_Variation
03qIH,8/4Kb2/p5k1/6Pp/4P2P/P1P5/8/8 b - - 6 57,g6g7 e4e5 f7c4 e5e6,1364,79,94,20704,bishopEndgame crushing endgame quietMove short,https://lichess.org/lDnKCrbf/black#114,
1JMYF,1k6/pp2r1p1/2p2n2/2P2B1p/P2RpN2/2n5/r4PPP/4R1K1 b - - 4 32,a2a4 d4d8 b8c7 d8c8,1367,77,96,16679,mate mateIn2 middlegame operaMate queensideAttack short,https://lichess.org/W9FXPRuu/black#64,
2uDAs,4r1k1/Q1R1bppp/1p1qp3/3nN3/1P1P4/P3P2P/1B3PP1/6K1 w - - 5 27,e5c4 d6c7 a7c7 d5c7,1373,76,95,7177,advantage middlegame short,https://lichess.org/vYS1X2cn#53,
036BY,3rB1k1/p2P4/1pp1p2p/2n2pb1/2P5/P2n1R2/6PB/5R1K b - - 0 35,c5d7 f3d3 d8e8 d3d7,1374,75,97,9710,crushing hangingPiece middlegame short,https://lichess.org/Qf85Wqiv/black#70,
1tbzo,2r1R2k/2P2Q2/p5pp/B7/q7/7P/6PK/8 b - - 0 42,a4e8 a5c3 e8e5 c3e5,1375,77,94,28167,endgame mate mateIn2 short,https://lichess.org/PdVHGjZC/black#84,
2PCQF,8/8/2Br4/3Pk1p1/P5K1/6P1/8/8 b - - 2 51,d6g6 a4a5 g6g7 a5a6,1377,75,90,1760,crushing endgame quietMove short,https://lichess.org/DWGZJlyT/black#102,
0Pr30,r1bq1rk1/p4ppp/2pb1n2/4p1B1/2B5/2N5/PPP2PPP/R2Q1RK1 b - - 1 11,h7h6 g5f6 d8f6 c3e4,1378,77,92,5126,advantage opening short,https://lichess.org/yoX62lVh/black#22,Sicilian_Defense Sicilian_Defense_Old_Sicilian
2a7LW,6k1/R4p1p/3P1bp1/8/8/4N1P1/p4PKP/r7 b - - 2 32,a1g1 g2g1 a2a1r a7a1,1382,77,93,1379,crushing endgame hangingPiece short,https://lichess.org/iOb5arAJ/black#64,
2Q7nc,8/pp1n2k1/3R1npp/8/P4P1P/5KP1/4r3/B7 b - - 2 39,e2a2 d6d7 g7f8 a1f6,1382,78,94,2413,crushing deflection endgame pin short,https://lichess.org/LAejH1ZY/black#78,
2DdWJ,r1bq1bkr/2p1n1pp/p2p4/np5Q/3NPP2/8/PPP3PP/RNB2RK1 b - - 0 11,e7g6 h5d5 c8e6 d5e6,1388,75,100,1172,fork mate mateIn2 middlegame short,https://lichess.org/fBJXRAEo/black#22,Ruy_Lopez Ruy_Lopez_Cozio_Defense
0w09i,8/P2k4/NK1p4/4pppp/4b3/8/5P1P/8 b - - 5 46,g5g4 a6b8 d7e6 b8c6,1390,76,93,1611,crushing endgame short,https://lichess.org/BVBSoAL2/black#92,
1Hl1O,r4rk1/ppqn1pbp/1n1p2p1/1P6/1P1NPP2/2NQB3/6PP/R2R2K1 b - - 2 18,b6c4 c3d5 c7d8 d3c4,1390,75,90,2732,advantage master middlegame short,https://lichess.org/PiPcR9Gn/black#36,Sicilian_Defense Sicilian_Defense_Moscow_Variation
1gDgN,5k2/4nq1p/1p4p1/p1b3N1/8/7P/6P1/3Q3K b - - 1 49,f7f6 g5h7 f8g7 h7f6,1392,78,93,3295,advantage endgame fork short,https://lichess.org/fqnEDzjg/black#98,
2838v,2r3k1/p3Bpp1/1p2pn1p/1B5K/2Pr4/PP4P1/5P2/R1R5 w - - 1 30,e7f6 c8c5 f6g5 c5g5,1395,76,96,16784,endgame mate mateIn2 short,https://lichess.org/grA4m9CX#59,
1bKCt,5rk1/pp5p/5p2/5R2/1P3B2/P1Q4P/5nPK/1q6 w - - 0 34,f5f6 b1h1 h2g3 f2e4,1398,79,93,5521,crushing endgame short,https://lichess.org/AYwmn4SI#67,
1EJAD,5r2/4qrk1/p3b3/Pp1pPppQ/1P6/2P5/4RP1B/3R2K1 w - - 4 37,f2f3 f8h8 h5g5 e7g5,1398,77,93,13816,crushing middlegame short trappedPiece,https://lichess.org/435q5M5o#73,
0Bd0K,Q1kr4/4bp1p/1p1q4/2nP2r1/8/4PP2/3N3P/RR5K b - - 6 29,d6b8 a8c6 b8c7 a1a8,1399,75,97,3210,clearance killBoxMate mate mateIn2 middlegame queensideAttack short,https://lichess.org/cPwUQfC1/black#58,
0UMzT,r4rk1/p4ppp/3qp3/1p6/2pPBn2/2P5/PP2QPPP/R4RK1 w - - 4 19,e2g4 f7f5 g4f4 d6f4,1399,76,92,3235,advantage fork middlegame short,https://lichess.org/WHaNlWrh#37,Queens_Pawn_Game Queens_Pawn_Game_Anti-Torre
2pTdm,rnbqk2r/1p3ppp/p3p3/2ppP3/P4P1b/3P1Nn1/BPP4P/RNBQK2R w KQkq - 0 10,f3h4 d8h4 h2g3 h4h1,1401,78,92,1587,crushing opening short,https://lichess.org/ks8ekOFp#19,Sicilian_Defense Sicilian_Defense_Bowdler_Attack
1HJAG,1Q6/pp3p1k/2p4p/3p4/3b4/5PK1/PPq3B1/R7 w - - 0 27,a1f1 c2g6 g3h2 g6h5,1407,75,100,2280,crushing endgame short,https://lichess.org/0jUy1nwp#53,
2NLlM,2r5/p1pr1p2/1p1p2k1/1P3Npn/P2PP3/1P3P2/2R2PK1/7R w - - 2 39,e4e5 h5f4 g2g3 g6f5,1411,80,93,2899,crushing endgame short,https://lichess.org/F3igIq1e#77,
1LmMt,6rr/1b3pk1/p3pq2/1p1p1p2/5Q1p/2P1R3/PPB2PPP/3R2K1 b - - 1 25,g7f8 f4b8 f8g7 b8b7,1414,77,95,30452,advantage fork middlegame short,https://lichess.org/SzUYMuYc/black#50,
1PvjG,4Q3/pp3p1k/2p1b2p/7K/4r3/8/5P2/3R4 w - - 0 44,d1g1 e6g4 g1g4 e4e8,1421,78,93,11301,crushing discoveredAttack endgame short,https://lichess.org/j3cug45Q#87,
1trbb,2br4/1pq1bkpp/4p3/2Pp4/1P1n4/2Q2N2/2PN1PPP/R5K1 w - - 0 20,c3d4 e7f6 d4e3 f6a1,1421,77,94,1250,advantage middlegame short skewer,https://lichess.org/alFuT7LL#39,
1uZdQ,2kr2nr/1ppb1pQp/p1np1q1B/8/B3P3/8/PPP2PPP/RN3RK1 w - - 3 11,b1c3 f6h6 g7h6 g8h6,1425,76,91,3771,advantage middlegame short,https://lichess.org/GnVtwtZk#21,Ruy_Lopez Ruy_Lopez_Morphy_Defense
05pgH,5rk1/3P4/6p1/3Pp3/4P3/6bb/2Q2PBq/1R2RK2 w - - 1 35,g2h3 f8f2 c2f2 h2f2,1427,75,96,18461,fork mate mateIn2 middlegame short,https://lichess.org/hqxDbY8T#69,
18sGF,3n3r/kR6/p2B3p/2P3p1/8/1Q4P1/P4PK1/q7 b - - 0 44,d8b7 b3b6 a7a8 b6a6,1427,76,97,6397,deflection endgame mate mateIn2 short,https://lichess.org/67Mt2qtu/black#88,
2hPyi,r2qk2r/ppp1np1p/3pb3/3NQ3/2B1P3/8/PPP2PPP/R1B1K2R b KQkq - 0 11,d6e5 d5f6 e8f8 c1h6,1433,76,98,5395,mate mateIn2 middlegame short,https://lichess.org/w2Zs6l52/black#22,Van_Geet_Opening Van_Geet_Opening_Napoleon_Attack
1RWbA,r5qr/p1p1p2p/2Qpk1p1/5P2/5n2/5P2/PP3K1P/2R3NR b - - 0 20,e6f5 c6e4 f5f6 e4f4,1434,75,92,1549,crushing deflection middlegame short,https://lichess.org/kN4WnfUm/black#40,
0KCVR,4rnk1/pp3p2/2p3p1/q4N1P/3Pp1Q1/1P6/P4PP1/5RK1 w - - 1 31,g4g5 a5f5 g5f5 g6f5,1435,77,93,7553,advantage endgame short,https://lichess.org/xC5g0obI#61,
16nJu,8/R7/8/1P1k4/P5K1/1r4P1/2p4P/8 w - - 0 54,a7c7 b3b4 g4f5 b4c4,1435,73,94,25175,crushing endgame master rookEndgame short,https://lichess.org/NlA81lGW#107,
1RBVK,1k3r2/pp5R/4p3/3nqp2/2Q5/8/PP3P2/1K1R4 w - - 8 32,c4b5 d5c3 b2c3 e5b5,1438,80,94,24718,crushing discoveredAttack endgame short,https://lichess.org/I2ygUesN#63,
1bNzk,2Nk4/pp3rp1/4Q1N1/5p2/8/6bP/PP3q2/R6K w - - 2 33,a1d1 d8c7 d1c1 c7b8,1441,76,97,2380,crushing defensiveMove master middlegame short,https://lichess.org/JMsdLIRs#65,
2k02U,r2q2k1/5ppp/2nr1n2/1B3P2/N1Q5/1PP2N2/6PP/R5K1 b - - 2 24,d8b6 a4b6 a8a1 g1f2,1442,78,90,3941,crushing defensiveMove middlegame short,https://lichess.org/oVBAvPIK/black#48,
2FFZF,6r1/2kn1Q2/p1pN4/q3p2r/2PP3p/7P/5PB1/1R4K1 b - - 1 28,h5g5 b1b7 c7d8 b7d7,1444,75,97,4123,mate mateIn2 middlegame short vukovicMate,https://lichess.org/Qwf7zwFJ/black#56,
1bbXx,7R/8/8/k1pK4/Pp6/1r6/8/8 w - - 0 71,d5c5 b3c3 c5d4 a5a4,1446,76,93,2062,crushing endgame rookEndgame short,https://lichess.org/GSTJXoPJ#141,
1I1Hq,rnb1kb1r/1p3ppp/pq1ppn2/2p5/3P1B2/P1N1P3/1PP2PPP/R2QKBNR b KQkq - 1 7,b6b2 c3a4 b2a1 d1a1,1452,75,96,3013,advantage middlegame short trappedPiece,https://lichess.org/wq87Gyrf/black#14,Indian_Defense Indian_Defense_Other_variations
0zx1E,1r2r2k/4N1bP/p2P4/1p2p1N1/P1p2Rn1/8/1P4PP/R6K b - - 0 30,e5f4 e7g6,1456,77,93,1485,master mate mateIn1 middlegame oneMove,https://lichess.org/kz8chGeK/black#60,
2LRex,rn3rk1/pp2bppp/1q3n2/2ppN3/5B2/1PPP4/P4PPP/RN1QR1K1 b - - 0 13,b8c6 e5c6 b6c6 e1e7,1463,77,96,5455,capturingDefender crushing discoveredAttack middlegame short,https://lichess.org/YKKJfdsQ/black#26,Sicilian_Defense Sicilian_Defense_Modern_Variations
1smQO,3k1r1q/1p1b4/pbp1r2p/3pP2Q/1P6/P6P/6PK/RBB1R3 b - - 0 30,b6d4 h5h4 d8c7 h4d4,1467,76,94,1543,crushing fork middlegame short,https://lichess.org/waHBJd6q/black#60,
223zj,r2k4/p1p1bQp1/bp2Bn1p/3p4/3P4/2P3P1/q2B1P1P/2R1K2R w K - 0 21,f2f3 a2c4 e1f2 c4e2,1469,75,95,2271,crushing master masterVsMaster middlegame short,https://lichess.org/X4v4B65t#41,
0aqg8,rn1qkb1r/ppp1pppp/5n2/5b2/2Bp4/2N2N2/PPP2PPP/R1BQK2R b KQkq - 1 6,d4c3 c4f7 e8f7 d1d8,1470,74,96,7134,advantage attackingF2F7 deflection opening short,https://lichess.org/gGsWNpuH/black#12,Pirc_Defense Pirc_Defense_Other_variations
2H2oG,2krr3/Qpp2ppp/2p1b3/3n4/1q2P3/2NP3P/PPP2PP1/1R2KB1R w K - 1 13,a7a3 b4a3 b2a3 d5c3,1470,76,92,4623,capturingDefender crushing middlegame short,https://lichess.org/qEvt76mW#25,Russian_Game Russian_Game_Stafford_Gambit
2nOPv,3b1k2/7p/1p2R3/pP1PBr2/P7/2P3P1/6K1/8 w - - 1 50,d5d6 f8f7 e6h6 f5e5,1473,74,97,5045,advantage endgame short,https://lichess.org/INVKU81h#99,
0Z4ZB,r3r1k1/ppp2pp1/4bn1p/4P3/2Nq4/3B3P/P1P2PP1/R2QR1K1 b - - 0 17,e6c4 d3h7 f6h7 d1d4,1475,77,92,1732,advantage discoveredAttack master middlegame short,https://lichess.org/pCPHjCBM/black#34,Indian_Defense Indian_Defense_Other_variations
192vo,8/8/5k1p/2Q1bBp1/p5PP/3q2P1/P7/7K w - - 9 52,h1h2 d3g3 h2h1 g3h2,1479,78,93,1111,endgame mate mateIn2 short,https://lichess.org/P4MD7kaP#103,
1NyHG,r1bq1rk1/1p2nppp/p3p3/3pP3/2P5/2NB4/PP1Q1PPP/R3K2R w KQ - 0 12,e1g1 d5c4 d3h7 g8h7,1481,76,93,1817,advantage middlegame short,https://lichess.org/iM0GiIaq#23,French_Defense French_Defense_Advance_Variation
0PG72,r3k2r/p1qnbppp/2p2n2/1p2p1B1/4P3/P1N1Q3/BPP2PPP/3R1RK1 w kq - 8 15,f2f4 e7c5 e3c5 d7c5,1482,76,95,16183,crushing middlegame pin short,https://lichess.org/FhXyos71#29,Philidor_Defense Philidor_Defense_Other_variations
2cjo0,1r2r1k1/p1p2pp1/8/1N5Q/8/3qB3/PRn2PPP/5RK1 w - - 0 20,e3a7 d3f1 g1f1 e8e1,1484,74,95,34666,attraction mate mateIn2 middlegame sacrifice short,https://lichess.org/CC3hahH7#39,
0aOi9,r1bq1r2/pp3ppk/2n1pb2/6N1/5P1P/2p5/PP4P1/R1BQK2R b KQ - 1 13,f6g5 h4g5 h7g8 d1h5,1485,75,100,2289,crushing discoveredAttack middlegame short,https://lichess.org/OGezo0Fn/black#26,Queens_Pawn_Game Queens_Pawn_Game_Stonewall_Attack
0RNKo,1k2R3/2p2r1p/p1Qp2p1/1p4P1/2r2q2/2R5/PPP5/1K6 b - - 7 33,b8a7 e8a8,1487,79,93,1987,endgame killBoxMate mate mateIn1 oneMove,https://lichess.org/6Mdn6YHz/black#66,
2XMS5,4q2k/6bp/3p2p1/2pB4/2P1P3/5RP1/5QKP/1r6 w - - 2 34,f3f7 b1b2 f2b2 g7b2,1489,77,93,1949,crushing endgame pin short,https://lichess.org/Vy81O7Aa#67,
2655Z,r4rk1/pp3ppp/2pb1n2/q2pNb2/3PnB2/PQN1P3/1P2BPPP/2R1K2R w K - 1 15,e5c6 b7c6 f4d6 e4d6,1490,78,90,2115,advantage hangingPiece middlegame short,https://lichess.org/gLBYj1Ka#29,Queens_Gambit_Declined Queens_Gambit_Declined_Barmen_Variation
0o40Y,3r1rk1/p3qpb1/2p3p1/4p2N/3pP3/4B2Q/PPP2PK1/R6R b - - 0 25,d4e3 h5f6 g7f6 h3h7,1495,77,93,3811,clearance kingsideAttack mate mateIn2 middlegame sacrifice short,https://lichess.org/kSDKAl0L/black#50,
2ikbf,5r2/Bp2ppbk/3p2p1/3Q1b1p/7P/P1P2P2/4B1P1/q1KR3R w - - 1 21,c1d2 a1c3,1505,80,92,5472,mate mateIn1 middlegame oneMove,https://lichess.org/YoAZIKvO#41,
1ZhMb,2r1r1k1/p2q1ppp/1p1b4/3p4/3P2b1/1Q3N2/PP3PB1/R1B2RK1 w - - 0 19,c1e3 g4f3 g2f3 d7h3,1508,77,94,2443,advantage clearance middlegame short,https://lichess.org/qs4jfRlD#37,
0UzpQ,r1bq2k1/pp1n1rpp/2pBpn2/8/2pP4/2N1P3/PP3PPP/R2QKB1R w KQ - 0 10,f1c4 d7b6 c4b3 d8d6,1511,75,93,2876,advantage discoveredAttack opening short,https://lichess.org/TPfyoijO#19,Queens_Pawn_Game Queens_Pawn_Game_Zukertort_Variation
0x5U0,1r1q1rk1/Q3bppp/1p1n4/8/2bP4/4BNP1/1P2PPBP/2R2RK1 w - - 1 18,f1e1 b8a8 a7a8 d8a8,1516,78,93,2989,advantage middlegame short trappedPiece,https://lichess.org/adObPqJT#35,English_Opening English_Opening_Anglo-Scandinavian_Defense
0IpxP,4r3/ppp3kp/2bp2p1/5r2/2PN1P2/1P5P/P5P1/4RRK1 b - - 1 27,e8e1 d4f5 g7f6 f1e1,1517,75,91,1031,advantage endgame intermezzo short,https://lichess.org/Oc1y2SYD/black#54,
0LMM1,rnb1k2r/ppp2pp1/3q3p/3Pp3/1bB1n2B/2N5/PP2NPPP/R2QK2R b KQkq - 1 9,d6g6 d1a4 c8d7 a4b4,1520,75,96,10896,advantage fork opening short,https://lichess.org/qcmfGTUz/black#18,Queens_Gambit_Accepted Queens_Gambit_Accepted_Central_Variation
2XL2v,r3r1k1/pb2qppp/1p2pn2/2b3N1/2P5/1P4P1/PBQ2PBP/3R1RK1 b - - 3 17,b7g2 b2f6 g7g6 f6e7,1521,75,93,2808,crushing middlegame short,https://lichess.org/blDpvFZl/black#34,English_Opening English_Opening_Agincourt_Defense
1NWq3,2r1r1k1/pp3pp1/3bp2p/1b1p1n2/6B1/3N2Pq/PP3P1P/1RBQ1R1K b - - 2 21,f5g3 f2g3 b5d3 g4h3,1527,75,93,3539,advantage middlegame short trappedPiece,https://lichess.org/Hm2g2UZo/black#42,
2u8lF,r4k2/1b2q3/p1p2b2/1p3Q2/P7/8/2P2PPP/3R1RK1 w - - 3 27,d1d7 b7c8 d7e7 c8f5,1527,75,93,1297,advantage master middlegame short,https://lichess.org/3LqZa5YK#53,
0zMdF,3rr3/Qp3ppk/2q1p2p/8/8/2P3P1/1P3P1P/3R1RK1 w - - 2 29,d1d4 d8a8 a7a8 e8a8,1528,74,95,32826,advantage endgame short trappedPiece,https://lichess.org/CpfmDP2X#57,
0PS7Q,1Q3r2/3rk3/8/8/1PqBpp2/2Pb4/P5PP/R3R1K1 w - - 7 38,d4c5 c4c5 b4c5 f8b8,1540,79,95,17578,advantage middlegame short,https://lichess.org/dnnAwflZ#75,
0Nr7C,3q1rk1/b5pp/p1p2p2/3pn3/1r3Bb1/1P4P1/PNP2PBP/R3QRK1 b - - 6 19,e5f3 g2f3 g4f3 e1b4,1541,76,94,3359,crushing middlegame short,https://lichess.org/WQESjRYV/black#38,Sicilian_Defense Sicilian_Defense_Taimanov_Variation
2PjYR,1b2r1k1/4rpp1/7p/1p2P3/4R3/7P/PB2RqP1/3Q3K b - - 1 32,f2g3 e4g4 g3g4 h3g4,1542,75,96,25165,advantage middlegame short trappedPiece,https://lichess.org/isV5Y7F7/black#64,
2jXhU,8/8/p5p1/kp2Rpr1/3Q4/3P3P/P1P2Kq1/1R6 w - - 4 37,f2e3 g5g3 e3f4 g2f3,1544,75,96,4810,endgame mate mateIn2 short,https://lichess.org/hxj9TyTE#73,
0IhVa,8/1P3pk1/Q1p2pp1/1r6/3pr1P1/7P/5PK1/8 b - - 0 39,d4d3 a6b5 c6b5 b7b8q,1546,78,95,24597,advancedPawn advantage endgame promotion queenRookEndgame short,https://lichess.org/qdNlYkP2/black#78,
0jw5L,5rk1/5pp1/4p2p/3pP3/3Q4/4r2P/4bqPN/R5RK b - - 11 38,e3f3 h2f3 f2d4 f3d4,1548,77,94,6023,crushing master middlegame short,https://lichess.org/1GZVTnjl/black#76,
2B039,8/1ppbrpk1/p7/4P3/P6K/2N5/1P5P/4R3 b - - 0 34,f7f6 e5f6 g7f6 c3d5,1555,74,92,1778,attraction crushing endgame short,https://lichess.org/uParvQnt/black#68,
0mdRE,1rr5/4p1kp/3p1p2/pP1Pn1p1/3NP1P1/7P/5P2/2R1R1K1 w - - 1 29,g1g2 e5d3 c1d1 d3e1,1555,76,94,1677,crushing endgame fork master short,https://lichess.org/OvXsF6k6#57,
0bWBC,r2qkb1r/3b1ppp/p1N1p3/2p5/8/2P1PQ2/P4PPP/R1B2RK1 b kq - 3 13,d8c7 c6e5 a8b8 f3f7,1555,78,91,2674,attackingF2F7 crushing middlegame short,https://lichess.org/YsfghbBj/black#26,Tarrasch_Defense Tarrasch_Defense_Symmetrical_Variation
1Uk7e,6k1/pb3p2/1p1b1Bp1/2p5/P1Q5/1P6/5PP1/4qBK1 b - - 3 35,e1e6 c4h4 e6f6 h4f6,1556,75,95,3560,crushing endgame quietMove short,https://lichess.org/aEY0nm4t/black#70,
1QrVu,r2q2kr/pppb2p1/2nb2Np/8/8/2PPP3/PP4PP/RN1Q1RK1 b - - 2 12,h8h7 d1b3 d7e6 b3e6,1556,76,97,5499,kingsideAttack mate mateIn2 middlegame short,https://lichess.org/fqtiI3v7/black#24,Italian_Game Italian_Game_Anti-Fried_Liver_Defense
1Ryqs,5rk1/1p4pp/pq6/8/3Pb3/2P5/P2B2PP/R2Q3K w - - 0 22,d1b3 b6b3 a2b3 f8f2,1557,75,95,5331,advantage endgame master short,https://lichess.org/gcHhWUg0#43,
2OR0V,3qk2r/3nppbp/Q1N1bnp1/pB6/3P1B2/2r3P1/P4P1P/R3K2R b KQk - 3 18,d8b6 a6c8 b6d8 c8d8,1557,78,97,5004,mate mateIn2 middlegame short,https://lichess.org/xgDmE7t9/black#36,Slav_Defense Slav_Defense_Other_variations
0QnOx,6k1/ppp2rp1/3p3p/4p3/4q3/1QP1P3/PP4PP/5RK1 b - - 1 22,e4e3 g1h1 g8h7 b3f7,1566,77,95,1960,advantage endgame pin short,https://lichess.org/BiEXKhiU/black#44,
0nVCa,5rk1/p6p/1p4b1/6R1/P7/1K4B1/2r2PP1/7R b - - 3 31,a7a5 g5g6 h7g6 b3c2,1570,74,93,1820,crushing endgame short,https://lichess.org/bhpiWIqx/black#62,
0lfiW,8/pp1Qnk2/8/2p1p3/2P1Pp2/P1P5/1PK5/6r1 w - - 4 37,d7b7 f4f3 b7b8 f3f2,1572,74,96,26683,advancedPawn crushing endgame short,https://lichess.org/bi7riI2S#73,
2qK3F,5rk1/Q5pp/2p4r/1b3p2/5P2/5B1q/PPP2RP1/4R1K1 w - - 1 26,g2g3 h3g3 f2g2 g3e1,1572,77,96,19785,mate mateIn2 middlegame short,https://lichess.org/rkT3lFas#51,
1V35C,6q1/pp4rk/1nb4B/8/2pp3Q/1P6/P5PP/6K1 b - - 6 36,g7g6 h6f8 g6h6 h4h6,1575,80,94,4104,discoveredAttack discoveredCheck endgame mate mateIn2 short,https://lichess.org/uTCJPww0/black#72,
2chT2,r4rk1/3B1pBp/2Npn3/p6P/1p3q1b/P7/1PPK4/R2Q2R1 w - - 5 28,d2d3 e6c5 d3e2 f4f2,1576,76,100,1411,fork mate mateIn2 middlegame short,https://lichess.org/WgJNafYj#55,
2SpbR,8/3kN2p/p1pP1pr1/1pP1p3/1Pr4P/P5P1/5P2/3R1K2 b - - 2 39,g6g4 e7c6 d7c6 d6d7,1576,76,93,11420,advancedPawn advantage endgame sacrifice short,https://lichess.org/OPtwx5IP/black#78,
1ixjn,5rk1/p1p2pp1/7p/b3Pq2/p2B1P2/2Pr1P2/PP2Q2P/R3K1R1 w Q - 0 26,e2e4 f5e4 f3e4 d3d4,1578,75,94,1949,advantage middlegame pin short,https://lichess.org/VUrNklWI#51,
2R7pM,rnbq1rk1/pp3pbp/2p3p1/4N3/2P1n3/2NB4/PP3PPP/R1BQ1RK1 w - - 0 10,e5c6 e4c3 c6d8 c3d1,1580,76,90,1918,advantage opening short,https://lichess.org/mn5VMqQ8#19,Kings_Indian_Defense Kings_Indian_Defense_Normal_Variation
2RPYe,r2q1rk1/1p1nbpp1/p2p1n1p/1P1Np3/2P5/4P3/1B1PNPPP/R2Q1RK1 b - - 0 14,a6b5 a1a8 d8a8 d5e7,1581,74,96,28061,advantage middlegame short,https://lichess.org/FqD7Hhss/black#28,Nimzo-Larsen_Attack Nimzo-Larsen_Attack_Modern_Variation
0MbW0,4r3/5pk1/3p2pp/3Q4/8/P7/1P3qPP/3R3K w - - 1 35,d1g1 e8e1 d5d4 f2d4,1583,76,94,8093,crushing endgame short,https://lichess.org/NKlnHyU9#69,
1zSGQ,4r1k1/pQp2ppp/3p1n2/6r1/2P3P1/3B3P/q4P2/1R1R2K1 b - - 0 23,g7g6 b1a1 a2a1 d1a1,1586,78,95,8513,crushing middlegame short trappedPiece,https://lichess.org/48Q9fosP/black#46,
1VXGK,7r/pp1B2k1/4ppq1/3p3p/5BpQ/8/PPr2PPP/5RK1 w - - 0 29,d7e6 g6e4 h4g3 e4e6,1589,76,94,1191,crushing fork master middlegame short,https://lichess.org/SvSIiior#57,
0ZUmp,5nrk/1b2q1pn/4p2p/p3P2Q/Pp5P/1P1r1NN1/2Rp1PP1/3B1RK1 w - - 2 32,c2d2 b7f3 d1f3 d3d2,1590,75,90,1356,advantage capturingDefender intermezzo middlegame short,https://lichess.org/97jnDmi9#63,
0QiOF,8/3P4/4Bk2/4p2p/P3K3/6P1/3r1P1P/8 w - - 3 46,e6f5 d2d4 e4e3 f6f5,1591,77,93,3964,crushing deflection endgame master short,https://lichess.org/wxxamTI2#91,
1oWb8,8/7p/8/3Q1Kp1/6P1/p6P/k7/4q3 b - - 1 62,a2b1 d5b3 b1c1 b3a3,1594,77,95,1126,crushing endgame queenEndgame short,https://lichess.org/0Cyegmxr/black#124,
2gLB9,1k1r3r/pbp2p2/1p1p3b/3N1q2/7P/5BP1/PPP2P2/R2QR1K1 w - - 0 18,d5e7 f5f3 d1f3 b7f3,1597,76,94,1587,advantage middlegame short,https://lichess.org/ZkRdB6au#35,Englund_Gambit Englund_Gambit_Main_Line
1TMAh,4r1k1/5ppp/p1pr1q2/3pNbn1/3P4/P1P2P1P/6P1/R2QBRK1 w - - 1 20,e1h4 g5h3 g2h3 f6h4,1597,75,94,2187,crushing discoveredAttack kingsideAttack middlegame short,https://lichess.org/l5KEJJo0#39,
0Tqdu,2r5/p2n2k1/1p2p1R1/3pP3/3P3q/1P1K4/P5Q1/r7 b - - 0 33,g7f8 g6g8 f8e7 g2g7,1598,76,96,8995,endgame mate mateIn2 short,https://lichess.org/toD3iylb/black#66,
1nBcj,6k1/3r1pp1/PQ5p/8/2q5/3p3P/6P1/R6K b - - 0 40,c4d4 b6d4 d7d4 a6a7,1609,76,94,23995,advancedPawn advantage endgame short,https://lichess.org/KjTYXUr7/black#80,
19Qn6,rn3rk1/pp1b3p/3p1p2/3Nq1pP/2P1P1P1/4QP2/P3B3/2R1K2R w K - 1 20,d5c7 e5a5 e1f2 a5c7,1612,74,93,3322,advantage fork middlegame short,https://lichess.org/9bJTYEXb#39,
2WtZF,r2qr1k1/p1p2p1p/6p1/2bPn2n/PpP5/1P3P2/1BB1N1PP/RN1QK2R w KQ - 2 18,b1d2 d8h4 g2g3 h5g3,1612,75,94,1899,crushing master middlegame short,https://lichess.org/Vbstg1Px#35,Scandinavian_Defense Scandinavian_Defense_Modern_Variation
31So1,r3kb1r/p2b1ppp/5q2/2pp4/3Q4/1PP1P3/P4PPP/RN2K1NR w KQkq - 0 11,d4d5 d7c6 d5c4 c6g2,1612,76,98,1735,advantage middlegame short skewer,https://lichess.org/FPUq9B4A#21,Vant_Kruijs_Opening Vant_Kruijs_Opening_Other_variations
2qtIk,8/p4p2/3Q1p1k/2p1q2P/8/8/PP4KP/8 w - - 5 31,d6d2 e5g5 d2g5 f6g5,1614,80,94,3888,crushing endgame queenEndgame short,https://lichess.org/FOF9bTAv#61,
2seak,8/5p2/8/5rPk/R4p2/5K2/8/8 w - - 0 53,a4f4 h5g5 f4f5 g5f5,1616,76,93,3134,crushing endgame rookEndgame short,https://lichess.org/wqt8oU1H#105,
0wway,3r4/5Qbk/2p1R1N1/pp5p/7P/5PPK/1P6/2q5 w - - 1 41,g6f8 d8f8 f7h5 h7g8,1616,77,95,6320,advantage defensiveMove endgame master masterVsMaster short,https://lichess.org/V0SPQThQ#81,
0zUgN,2r2r2/1p2ppkp/p1bp1np1/8/Pq2P3/1PNB3P/2PQ1PP1/R4R1K b - - 0 16,c6e4 c3e4 b4d2 e4d2,1623,77,95,27639,advantage middlegame short,https://lichess.org/dvLNQqDJ/black#32,Sicilian_Defense Sicilian_Defense_Najdorf_Variation
0W2q8,6k1/2r1p2p/4P1b1/p2p4/Pp1Q4/1P3R2/5PP1/2q2BK1 b - - 1 33,c1c5 f3f8 g8f8 d4h8,1624,77,95,12953,attraction endgame master mate mateIn2 sacrifice short,https://lichess.org/iaqyxqCU/black#66,
1uWzW,5rk1/5ppp/8/4q3/4n3/5R1P/1P4P1/Q4BK1 w - - 5 27,a1b1 e4d2 b1d3 d2f3,1625,78,92,6116,crushing endgame fork short,https://lichess.org/OJuhf3J0#53,
22VFG,2k1r3/p7/1qnp4/1b3p2/3N1P1p/2B3bP/P1Q3B1/5R1K b - - 3 32,c6d4 c3d4 b6c7 c2f5,1626,76,96,4254,advantage discoveredAttack discoveredCheck master middlegame short,https://lichess.org/kp3TgPPd/black#64,
2uV8W,k3r2r/pR6/2P5/2bQ3q/7n/6P1/P1P1PPB1/5RK1 w - - 0 28,c6c7 h4f3 e2f3 h5h2,1627,77,98,2331,clearance mate mateIn2 middlegame sacrifice short,https://lichess.org/Gl7t7WBY#55,
1SsNT,2kr1b1r/ppp3pp/1n1q2b1/1N2p3/1nP5/N3B3/PP2BPPP/R2QK2R b KQ - 1 14,d6e6 b5a7 c8b8 d1d8,1631,77,98,5103,crushing deflection master middlegame queensideAttack short,https://lichess.org/bK7uWJ9H/black#28,Alekhine_Defense Alekhine_Defense_Modern_Variation
0jS0u,r1bq1rk1/pp2bppp/3ppn2/1B2n3/3NP3/P1N1BQ2/1PP2PPP/R4RK1 w - - 6 12,f3f4 f6h5 f4e5 d6e5,1631,79,91,3616,crushing middlegame short trappedPiece,https://lichess.org/Ebxm66He#23,Sicilian_Defense Sicilian_Defense_Paulsen-Basman_Defense
2vDk8,r1b2k1r/pp1pn1p1/2nNpp1p/4q3/2N1P3/5Q2/PP2BPPP/R3K2R b KQ - 3 14,c6d4 c4e5 d4f3 e5f3,1640,75,95,18939,crushing middlegame pin short,https://lichess.org/XndASACr/black#28,Sicilian_Defense Sicilian_Defense_Smith-Morra_Gambit
0Ed5w,2kr3r/ppq3p1/2pbp3/5b1p/7P/4BQ2/PPP2PP1/3RRNK1 w - - 0 22,c2c3 f5g4 f3e4 g4d1,1641,75,93,2076,advantage middlegame short skewer,https://lichess.org/jhU3KZVL#43,
17UQC,r4rk1/pp3ppp/1bn2q2/3Q4/6b1/2P2N2/PP1NBPPP/R4RK1 w - - 3 13,d5g5 f6g5 f3g5 g4e2,1642,75,98,4024,advantage middlegame short,https://lichess.org/ygm7Rwoi#25,Sicilian_Defense Sicilian_Defense_Delayed_Alapin_Variation
1xHtt,q1r2r1k/6pp/p2N1p2/1p1np3/8/1P6/PQP1RPPP/5RK1 w - - 5 29,d6c8 d5f4 f2f3 f4e2,1648,75,95,2648,advantage kingsideAttack middlegame short,https://lichess.org/ZuciM03k#57,
1rIdA,3r2k1/5ppp/1p2p3/nN1rP1q1/2pP4/2R3P1/P4P1P/1R1Q2K1 b - - 2 24,d5e5 f2f4 e5e1 d1e1,1650,79,94,24381,advantage fork middlegame short,https://lichess.org/yloxsfr1/black#48,
2Vz8l,rnb1k1nr/ppp4p/3b1p2/3p4/q2P4/3B4/PP2QPPP/RNB2RK1 b kq - 3 11,g8e7 d3b5 a4b5 e2b5,1650,75,96,9577,advantage fork opening short,https://lichess.org/oxfOXFDO/black#22,Elephant_Gambit Elephant_Gambit_Other_variations
1QLBj,8/p7/7p/1p3pp1/2pPkP2/P1P3P1/1K4P1/8 w - - 5 44,b2c2 g5f4 g3f4 e4f4,1651,78,91,3150,crushing endgame pawnEndgame short,https://lichess.org/qOjdQvef#87,
0Pzgv,q4rk1/5pn1/8/r2B2Q1/2P5/3P3P/1R3PPK/8 b - - 0 31,a8d8 d5f7 g8f7 b2b7,1652,78,92,2551,advantage attraction middlegame sacrifice short,https://lichess.org/cPI9iaXi/black#62,
0LkgM,r2q1rk1/ppp3pp/2nb1n2/3pNb2/3Pp3/1B6/PPP2PPP/RNBQR1K1 b - - 1 10,d6c5 e5c6 b7c6 d4c5,1654,75,94,4469,advantage opening short,https://lichess.org/WeCytyf3/black#20,Italian_Game Italian_Game_Rousseau_Gambit
2eQcX,r3r1k1/pp3ppp/n1pbq3/5p2/3P4/2P1BN2/PP2QPPP/R3R1K1 w - - 0 14,a1d1 f5f4 e2c2 f4e3,1656,77,92,5635,crushing master middlegame short,https://lichess.org/2K3vxeX6#27,Caro-Kann_Defense Caro-Kann_Defense_Forgacs_Variation
0qpqK,rn2r3/p4Qkp/2p3pN/4b3/4B3/Ppq5/6R1/6K1 b - - 0 34,g7h6 g2g6 h7g6 f7g6,1664,75,96,4311,mate mateIn2 middlegame sacrifice short,https://lichess.org/FtpP13IY/black#68,
0f3Fo,r1bq1rk1/pp1pbppp/2n5/4P3/2BPn3/5N2/PP4PP/RNBQK2R w KQ - 1 9,c4d5 d8a5 b1c3 e4c3,1669,77,94,12471,crushing fork master opening short,https://lichess.org/ES5DNBju#17,Sicilian_Defense Sicilian_Defense_Smith-Morra_Gambit_Declined
0LR7F,8/1p1k2Bp/pKp4P/8/2P3P1/6n1/8/8 b - - 12 50,d7c8 g4g5 g3f5 g5g6,1677,75,95,13600,crushing endgame quietMove short,https://lichess.org/Px0VMDc6/black#100,
1K8dZ,r2qkb1r/pp1n1Bpb/7p/4P3/3p1NQP/8/PPP5/R1B1K2R b KQkq - 0 15,e8f7 g4e6,1679,77,97,5684,mate mateIn1 oneMove opening,https://lichess.org/iK4lIbzx/black#30,Caro-Kann_Defense Caro-Kann_Defense_Advance_Variation
2pP2a,1R1N4/8/1P3nk1/7p/7P/6PK/1r6/8 w - - 4 48,b6b7 f6g4 d8c6 b2h2,1679,80,93,6449,endgame hookMate mate mateIn2 quietMove short,https://lichess.org/Sq6qQCxe#95,
0MjS2,6k1/3R4/4P1p1/1p3p1p/5P2/6P1/4K2P/1r6 b - - 0 37,b5b4 d7d8 g8g7 e6e7,1684,77,95,7204,advancedPawn crushing endgame rookEndgame short,https://lichess.org/mocAuxtd/black#74,
1UAgp,r1b3k1/1pp2pp1/p1n4p/5Pq1/3PP1r1/B1P4R/P3Q1PP/5RK1 b - - 2 24,c8d7 a3c1 g4g2 e2g2,1688,75,92,4525,advantage middlegame short,https://lichess.org/xoYtiSa5/black#48,
0Rdm0,5rk1/1p1bQp1p/1pp3p1/8/1PB5/2P4P/P2q2P1/4R2K b - - 0 29,d2f2 e1f1 f2f1 c4f1,1699,75,93,1650,crushing endgame short,https://lichess.org/XkR7Ult5/black#58,
07Y0h,8/5kpp/3p1p2/1b6/3P4/1P5P/rN2RKP1/8 w - - 0 29,b2c4 a2e2 f2e2 d6d5,1702,76,97,3949,advantage endgame master masterVsMaster short,https://lichess.org/mrEtYxrJ#57,
1iULC,r1bq3r/ppp3pp/8/3pP3/1b1kn3/3P4/PP1NQPPP/R1B1K2R b KQ - 2 12,e4d2 e2e3,1703,76,95,12503,mate mateIn1 middlegame oneMove,https://lichess.org/EPditbR4/black#24,Italian_Game Italian_Game_Blackburne-Kostic_Gambit
0lX1Q,r2nkb1r/pp3pp1/4p2p/3pP1N1/5Q2/2PBB2P/Pq4P1/1R1K3n b kq - 1 19,h6g5 f4a4 d8c6 b1b2,1707,76,93,3702,advantage master middlegame pin short,https://lichess.org/Y8PCN9hJ/black#38,
13ttj,r1nk3r/7p/3p1p2/p2qp3/1pR2n2/1P3QN1/P4PPP/5KNR b - - 4 25,a8a7 c4f4 d5f3 f4f3,1710,76,95,13051,advantage middlegame short,https://lichess.org/sHCtKfck/black#50,
0ffy9,8/5pkp/q4p2/8/8/P2b1P2/1R1Q2PP/7K w - - 3 34,b2b3 d3c2 d2f2 c2b3,1712,76,91,2295,advantage endgame short,https://lichess.org/VyA1gckk#67,
1oXCG,r5k1/2p5/1p6/p2R2P1/8/PPP5/2P1pr1P/2K3R1 w - - 0 26,c1d2 f2f1 d2e2 f1g1,1712,80,93,1552,advantage endgame rookEndgame short,https://lichess.org/gYUocrUA#51,
2VLUs,6Q1/p1k5/1pP2ppB/4b3/1P4qP/8/P7/1K6 w - - 2 28,b4b5 g4d1 h6c1 d1d3,1715,76,94,13961,endgame mate mateIn2 short,https://lichess.org/sQajnS8q#55,
0TInC,3rk3/ppR2pp1/1n1Qp3/3n3P/3qN3/8/PPP2P2/2KR4 b - - 2 27,d4e4 c7e7 d5e7 d6d8,1716,75,91,2295,mate mateIn2 middlegame short,https://lichess.org/qtWpcPTZ/black#54,
2rQye,2rr2k1/bp3ppp/p1n2q2/2NQ4/6b1/1P2PN2/P3BPPP/2R2RK1 w - - 1 17,d5g5 f6g5 f3g5 g4e2,1723,76,92,3920,advantage master middlegame short,https://lichess.org/SkrPqioO#33,Nimzo-Larsen_Attack Nimzo-Larsen_Attack_Indian_Variation
0llWl,8/8/P3R3/5kp1/8/5pPK/r6P/8 w - - 3 50,e6b6 g5g4 h3h4 a2h2,1725,74,95,20712,deflection endgame mate mateIn2 rookEndgame short,https://lichess.org/oP6dZzO7#99,
2DMbO,7k/5r2/1p3rQK/3p4/6P1/P1N4P/1PP2b2/7R w - - 7 36,c3d5 f7h7 h6g5 f2h4,1725,71,95,19256,endgame mate mateIn2 pin short,https://lichess.org/xpZQyMeT#71,
1xfaW,r6k/8/1q4pp/8/5p2/4p2P/2Q3P1/1R5K b - - 1 51,b6e6 c2c3 h8g8 b1b7,1730,75,92,2085,advantage defensiveMove endgame short,https://lichess.org/ayL7G821/black#102,
1pIEk,8/k2r2p1/Pp1q3p/2rnpp2/QN2p3/4P1P1/5PP1/R2R2K1 b - - 2 37,c5a5 b4c6 a7a8 c6a5,1734,78,95,20328,crushing fork middlegame short,https://lichess.org/77ZkOtbh/black#74,
2PQVW,r1b3k1/pp4p1/2p2q1p/3pn3/3Qp3/2N5/PPPKB2P/R5R1 w - - 3 23,d2c1 e5d3 d4d3 e4d3,1737,76,93,1335,advantage middlegame queensideAttack short,https://lichess.org/89f7XQyg#45,
19T9x,r3r1k1/pp2qppp/2pb2n1/5P2/P2P2Q1/1P6/1BB2RPP/R5K1 b - - 0 23,g6f8 f5f6 e7e1 a1e1,1737,75,93,1231,crushing master middlegame short,https://lichess.org/uJLBhQCG/black#46,
1DeP6,8/4k3/6R1/p1PB1b1P/P4p2/8/r7/6K1 w - - 1 50,g6f6 a2a1 g1f2 e7f6,1738,76,92,1058,crushing endgame master short,https://lichess.org/JptTwhdr#99,
1HgBg,8/8/8/pp6/2k1p3/2P1K3/PP6/8 b - - 3 41,c4c5 e3e4 c5c4 e4e3,1739,75,90,1344,crushing defensiveMove endgame master pawnEndgame short,https://lichess.org/GPkVVsEM/black#82,
1MdTV,rnb1kbnr/ppp1qppp/8/8/4Np2/5N2/PPPP1KPP/R1BQ1B1R b kq - 3 6,e7e4 f1b5 c7c6 h1e1,1740,76,96,14230,advantage clearance opening pin short,https://lichess.org/Y6KYBjsq/black#12,Van_Geet_Opening Van_Geet_Opening_Grunfeld_Defense
1OJca,1k5r/1R5r/2Qb1p2/8/3B2B1/q5p1/5P2/2R3K1 b - - 0 32,h7b7 c6c8 h8c8 c1c8,1740,78,90,2318,mate mateIn2 middlegame operaMate pillsburysMate sacrifice short,https://lichess.org/ISf0DHde/black#64,
1fwn4,2kRr3/pp2bppp/2p2n2/2n1B1q1/8/2N2B2/PPP1Q1PP/1K3R2 b - - 0 18,e7d8 e5f6 e8e2 f6g5,1741,75,92,1918,advantage middlegame short,https://lichess.org/mfEoSFlM/black#36,Czech_Defense Czech_Defense_Other_variations
1MDG0,5rk1/2q2pp1/2p4p/r2n4/p1QP4/5NP1/5PP1/R3R1K1 w - - 0 26,a1a4 d5b6 a4a5 b6c4,1747,77,93,1166,crushing fork master middlegame short,https://lichess.org/99u7cn8Y#51,
0M2rf,6k1/p4r1p/1p2q1nQ/1Pp4P/2P1p3/P5R1/1B4K1/8 b - - 0 38,e6c4 g3g6 h7g6 h6h8,1748,76,95,1206,endgame mate mateIn2 sacrifice short,https://lichess.org/k8l1331W/black#76,
0E9CS,4r1k1/ppp3pp/8/4P3/1nP5/8/PP4PP/R1B2K2 w - - 1 21,c1f4 e8f8 g2g3 g7g5,1758,77,91,3054,advantage endgame pin short,https://lichess.org/hwBWSujF#41,
0CCrc,r3k2r/pp1n1p2/2p5/6Bp/3NP1bR/3B2n1/PPP3P1/R3K3 b Qkq - 0 18,h8g8 g5f4 d7c5 f4g3,1758,76,93,4084,advantage middlegame short,https://lichess.org/vkMy6tAa/black#36,Caro-Kann_Defense Caro-Kann_Defense_Rasa-Studier_Gambit
160Dx,r4k1r/p4pp1/2Q1p1p1/3p4/3P2Pq/2P1B3/P4P1b/2R2R1K w - - 1 20,c6a8 h2b8 h1g1 h4g4,1764,76,93,1285,discoveredAttack kingsideAttack mate mateIn2 middlegame short,https://lichess.org/annX9BYM#39,
0ZYQs,8/1p3pk1/p1q2npp/3p4/2PQ4/P2B1RPP/1r6/6K1 b - - 0 35,c6b6 c4c5 b6c6 d4b2,1765,78,93,1143,advantage endgame short,https://lichess.org/ysvZjWdI/black#70,
2qsGW,1r4k1/1Pb3p1/2Q1p2p/p1Pp4/N7/P3q1P1/2P4P/5RK1 w - - 3 31,f1f2 b8f8 c6e6 e3e6,1765,75,96,3062,crushing endgame master short,https://lichess.org/JrmnyGHY#61,
2b59R,r5k1/2pp2p1/1p1q1r1p/p2PR3/Pn1Q1P2/8/1P4PP/3B1R1K w - - 1 22,g2g4 b4c6 d4e4 c6e5,1771,74,94,2897,advantage middlegame short,https://lichess.org/OzO4cXrd#43,
2CnFj,1r3rk1/p1pqbp1n/3p3Q/2p2P2/4P3/2N2R1P/PPP3P1/R5K1 b - - 2 17,e7g5 f3g3 f7f6 h3h4,1776,72,95,18631,advantage middlegame pin short,https://lichess.org/QU3cht32/black#34,Ruy_Lopez Ruy_Lopez_Other_variations
0aeJx,r3r1k1/1p3ppp/p7/3P1b2/1PP5/1R1Q1Bp1/P5P1/5KNq w - - 12 26,d3f5 h1g1 f1g1 e8e1,1778,74,95,17254,attraction mate mateIn2 middlegame sacrifice short,https://lichess.org/pFkRrfBh#51,
2fzfm,8/2p2Rr1/1pkpq2p/7Q/4P3/2PPr2P/2PK4/5R2 b - - 1 33,e3h3 h5d5 e6d5 e4d5,1782,74,93,1966,crushing endgame short,https://lichess.org/pWxBcfdl/black#66,
2r2r4,6k1/1pp3pp/p1p5/8/1P2P3/P1N1R2P/2r2rP1/4R2K w - - 3 24,e1e2 c2c3 e3c3 f2e2,1785,75,96,3569,advantage capturingDefender deflection endgame short,https://lichess.org/Nv3cmKAl#47,
27UYl,3rqrk1/2R2pp1/p3b1np/8/4N3/5PB1/P3QP1P/4R1K1 w - - 1 23,g3d6 d8d6 e4d6 e8d8,1786,76,92,2037,advantage clearance middlegame sacrifice short,https://lichess.org/DZCQyRux#45,
0apVW,2r2bk1/1b3p1p/4p1p1/p7/PpNq1P2/1P1P1Q1P/2P3P1/1R3RK1 w - - 4 26,f3e3 c8c4 e3d4 c4d4,1787,76,93,1136,crushing middlegame short,https://lichess.org/pFo104Re#51,
2rSkr,6k1/B5p1/2p2p2/5P1r/5r2/1P1n4/P1R1K3/5R2 b - - 4 41,h5h2 e2d3 h2c2 f1f4,1789,76,93,3518,crushing endgame hangingPiece master short,https://lichess.org/ifcbLK6h/black#82,
0qke4,5r1k/pR4pp/2p5/2P5/3q1P2/4r1P1/2Q4P/1R3BK1 w - - 1 36,c2b2 e3g3 g1h1 g3g1,1792,77,95,20148,discoveredCheck doubleCheck mate mateIn2 middlegame short,https://lichess.org/5WmBicMY#71,
10JvW,8/8/2p5/pp1k4/P7/1PP1K3/8/8 w - - 0 45,e3d3 b5a4 b3a4 d5c5,1792,79,92,1837,crushing defensiveMove endgame pawnEndgame short,https://lichess.org/k45sfR9s#89,
24WqU,1rb2rk1/1p1nb1p1/1qn1p3/p1ppP1N1/3P1N1P/PPP5/6P1/R1BQK2R b KQ - 3 16,c5d4 d1h5 e7g5 h4g5,1792,75,93,1998,advantage middlegame quietMove short,https://lichess.org/T49pyevM/black#32,French_Defense French_Defense_Tarrasch_Variation
2Gj6u,8/8/8/p1k3pp/4pp2/PPK1P1PP/8/8 w - - 0 48,g3f4 g5g4 h3g4 h5h4,1796,78,93,11195,crushing defensiveMove endgame pawnEndgame short,https://lichess.org/eRMXMGOZ#95,
1ZS3P,5b2/1b6/p2pk3/1p6/1B1Rp2r/6KP/PP4B1/8 b - - 3 32,e6e5 b4c3 e5f5 g3h4,1802,75,90,2035,crushing endgame quietMove short,https://lichess.org/pHK1DVDX/black#64,
02OrN,2r1nrk1/pb1p2p1/1p1Pn2p/5p2/1P2N3/P4PB1/2B3PP/2RR2K1 w - - 0 24,c2a4 c8c1 d1c1 f5e4,1803,76,93,4415,crushing master middlegame short,https://lichess.org/2vU4yztt#47,
2qZKT,8/1b6/p3k3/1p6/1P2PPpp/P7/7K/7B w - - 1 47,e4e5 g4g3 h2g1 b7h1,1805,75,96,1901,bishopEndgame crushing endgame short,https://lichess.org/B7snWImv#93,
2lmWy,r3kb1r/p4pp1/bpN1pq1p/2n5/2P1p3/1P3PB1/P1QN2PP/4RK1R b kq - 3 16,c5d3 d2e4 d3e1 e4f6,1806,79,92,1790,crushing middlegame short,https://lichess.org/yEB3SbTx/black#32,Trompowsky_Attack Trompowsky_Attack_Classical_Defense
1ITUZ,2r5/R2pk1pp/1n2p3/1rn1Pp2/pp6/4R1P1/PP1N1PBP/6K1 b - - 8 28,e7d8 g2f1 c8c7 a7c7,1808,76,93,3967,advantage middlegame short,https://lichess.org/MALQHZWc/black#56,
1NoqV,rnbqk2r/ppp1ppbp/3p1np1/6B1/2PPP3/2N5/PP3PPP/R2QKBNR b KQkq - 2 5,e7e5 d4e5 d6e5 d1d8,1808,76,91,1984,crushing discoveredAttack opening short,https://lichess.org/Km5DLcmQ/black#10,Kings_Indian_Defense Kings_Indian_Defense_Accelerated_Averbakh_Variation
033B5,rn1qk1nr/pp1bp1bp/4p1p1/1BpP4/8/2N5/PPP3PP/R1BQK1NR w KQkq - 0 10,d5e6 g7c3 b2c3 d7b5,1815,76,95,17161,advantage master opening short,https://lichess.org/4XnfzUyg#19,Indian_Defense Indian_Defense_Reversed_Chigorin_Defense
12Wu8,2k4K/2p3P1/R7/8/8/1p4r1/8/8 w - - 0 48,g7g8q g3g8 h8g8 b3b2,1815,79,95,20954,advancedPawn crushing endgame short,https://lichess.org/TdegFccD#95,
0WkPG,r1b2rk1/pp1p1ppp/2p5/8/2B1n2q/5Q2/PPP2PPP/RN2R1K1 b - - 3 12,e4f2 f3f7 f8f7 e1e8,1818,77,95,18410,kingsideAttack mate mateIn2 middlegame pin sacrifice short,https://lichess.org/6xthYFts/black#24,Scotch_Game Scotch_Game_Benima_Defense
0DKup,1k1r3r/1p1q4/pP3p2/8/Q1Rn1Pp1/8/P5KP/5RN1 w - - 2 31,f1d1 d7d5 g2f1 h8h2,1819,76,93,7963,crushing deflection middlegame short,https://lichess.org/8eXVGKdb#61,
1dS8E,4R3/1b1n2pk/2qB2rp/p1P2p2/1pPQ4/5P1P/6P1/1R5K w - - 1 37,d4d3 d7c5 d6c5 c6e8,1821,74,96,7341,advantage discoveredAttack middlegame short,https://lichess.org/45zVqMDL#73,
1V8CB,3r2k1/ppq1nppp/2p1p3/4P2Q/P3N3/7P/1PP2PP1/4R1K1 b - - 1 20,d8d5 e4g5 e7g6 h5h7,1821,78,93,2929,crushing endgame kingsideAttack master short,https://lichess.org/Q7ptnP61/black#40,
1NWMY,2rqr1kb/1p2pp1p/p1n3pB/8/3Pb3/P4N1P/1P1QBPP1/2R1R1K1 b - - 5 18,c6d4 c1c8 d8c8 f3d4,1831,77,95,19040,advantage middlegame short,https://lichess.org/z3nBRr4r/black#36,Sicilian_Defense Sicilian_Defense_OKelly_Variation
2Eg5K,r4rk1/ppp2ppp/1nn3b1/4p1P1/4q3/1BP1B3/PP3PPQ/RN2K2R b KQ - 4 14,b6d5 b1d2 e4d3 b3c4,1832,75,96,2521,advantage middlegame short,https://lichess.org/bLwRGVoH/black#28,Ponziani_Opening Ponziani_Opening_Neumann_Gambit
25xqR,r2q1rk1/1p3p2/p6p/2p1PP1n/P1pPN3/3nB2P/6PQ/R4RK1 w - - 0 28,e3h6 d8d4 g1h1 d4e4,1833,79,92,3535,crushing fork middlegame short,https://lichess.org/ONefPEGI#55,
1ivDe,5rk1/pp3p1p/2p3p1/3pP1b1/3q1B2/1P3Q1P/P1P2PP1/4RNK1 b - - 0 23,g5f4 c2c3 d4c5 f3f4,1833,73,95,17214,crushing endgame short,https://lichess.org/BFUITVQD/black#46,
1zPXY,1k1r4/p5q1/Pp2Q2r/1BbpP3/2p2P2/2P2RpP/1P4P1/R6K w - - 3 26,f3g3 g7g3 e6h6 d8g8,1838,77,90,1021,crushing defensiveMove master middlegame short,https://lichess.org/ydi3N0bA#51,
1slir,r4k1r/p4ppp/1q2pn2/1b1pN3/5P2/1QP1b3/PP1N2PP/R1B1R2K b - - 9 16,e3f4 b3b4 f8g8 b4f4,1846,76,93,13893,advantage fork master middlegame short,https://lichess.org/Uvm4IikC/black#32,Canard_Opening Canard_Opening_Other_variations
0eKQd,r1b1r3/pp1pq1kp/2p2bp1/3Q4/2B1NB2/8/PPP2PPP/R2K3R w - - 0 16,d5f7 e7f7 c4f7 e8e4,1846,78,93,9937,crushing discoveredAttack middlegame short,https://lichess.org/41qsqCD5#31,Four_Knights_Game Four_Knights_Game_Scotch_Variation_Accepted
1I2wm,r1b2b1r/1pNnkp1p/p1qppp2/Q7/N3P3/3B4/P1P2PPP/1R3RK1 b - - 7 15,a8b8 c7d5 e6d5 e4d5,1847,77,91,2419,crushing middlegame sacrifice short,https://lichess.org/umWp3TiJ/black#30,Sicilian_Defense Sicilian_Defense_Modern_Variations
1acxN,2q2bk1/5p1p/7p/pp2pN2/4P3/1BPR3P/1P3PP1/6K1 b - - 1 30,a5a4 d3g3 g8h8 b3f7,1853,77,94,4815,crushing deflection endgame master short,https://lichess.org/7844GE2O/black#60,
0YhIz,5k2/R5p1/5n2/4B3/2p1p3/3pP1Pp/5P1P/6K1 w - - 2 41,a7c7 d3d2 c7c8 f8e7,1858,76,98,3402,advancedPawn crushing defensiveMove endgame short,https://lichess.org/ot9dxVGb#81,
2pOSv,5rk1/pp3pbp/3pp1p1/4n3/N2qPP2/1P5P/P3Q1P1/2R1R1K1 w - - 1 25,g1h2 e5d3 c1d1 d3f4,1863,80,90,1527,advantage fork middlegame short,https://lichess.org/czGAvpQT#49,
0v66s,4r3/1p4Rp/p7/4kb2/2P2p2/1P2pP2/P6P/3R3K w - - 4 35,g7b7 e3e2 d1e1 e5d4,1865,77,94,8160,advancedPawn crushing endgame short,https://lichess.org/y1IbJdqN#69,
0eQju,2r3k1/5ppp/4p3/3rP3/2p2P2/1p2B3/1P2B1PP/2K4R w - - 1 25,e3d2 c8a8 c1b1 d5d2,1866,75,95,9635,crushing endgame quietMove short,https://lichess.org/XXj8Mk1i#49,
2tGQZ,3r3k/8/2b1Rq2/1p4p1/5pPp/1P5P/P4QB1/3rR1K1 b - - 7 36,f6a1 g2c6 d1e1 e6e1,1866,74,95,3923,advantage hangingPiece middlegame short,https://lichess.org/mCkjBPwZ/black#72,
0195f,2b2rk1/2Q2ppp/p3pq2/1p6/6n1/PP3PN1/6PP/3R1BK1 b - - 0 24,g4e3 g3e4 f6h4 g2g3,1877,74,90,2310,advantage middlegame short,https://lichess.org/AQvgwH6B/black#48,
2wFvR,8/1p3p2/p3p3/1PP1k1p1/8/8/4KP1P/8 b - - 0 40,e5d5 c5c6 b7c6 b5a6,1880,80,93,14591,crushing deflection endgame pawnEndgame short,https://lichess.org/6QEjD2Xh/black#80,
11enU,8/4k3/2K5/1p2ppp1/1P4P1/P4P2/8/8 w - - 0 41,c6d5 e5e4 f3e4 f5g4,1882,76,93,1927,crushing deflection endgame pawnEndgame short,https://lichess.org/ju82Tiae#81,
1SDVd,2r5/1pB1nkpp/8/1P6/p7/P7/2P2PPP/3R2K1 w - - 1 23,d1d7 f7e8 d7d4 c8c7,1883,75,92,1990,advantage endgame short,https://lichess.org/QPAAENwZ#45,
2noQL,4Q1k1/4bp1p/3q4/2r3p1/1P1Npn2/P7/3r1PPP/R4RK1 b - - 1 24,g8g7 b4c5 d6d4 e8e7,1887,77,93,2802,advantage middlegame short,https://lichess.org/dp8T3hZJ/black#48,
2bhbs,6k1/2R4p/6p1/1p3r2/p3r3/P1B5/1P2B2P/6K1 w - - 6 41,e2d3 e4g4 g1h1 f5g5,1897,77,95,1941,crushing defensiveMove endgame short,https://lichess.org/jE2cufOs#81,
1m1CJ,2r4k/5Q2/8/p7/1p2P3/3r4/4K1P1/8 b - - 2 41,d3d6 f7h5 h8g7 h5g4,1898,76,94,9771,crushing endgame master queenRookEndgame short,https://lichess.org/RLdkTt9n/black#82,
1Jq2I,4R3/1P3ppk/3N2bp/8/8/7P/1r2p1PK/8 b - - 1 39,h6h5 e8e2 b2e2 b7b8q,1898,77,91,2079,advancedPawn advantage deflection endgame promotion short,https://lichess.org/cQoe6rsk/black#78,
0zHVg,r2qk1r1/ppp1bp2/3p2bB/3n4/1n6/1P3NPP/P2NPPB1/R2QK2R w KQq - 1 14,e1g1 d5c3 d1e1 b4c2,1901,79,94,14021,crushing opening short,https://lichess.org/wQQadxyK#27,Zukertort_Opening Zukertort_Opening_Pirc_Invitation
1Y8XA,rn3rk1/ppp2ppp/8/3Pb1q1/2B5/1Q3P2/PB3P1P/1R3R1K b - - 4 16,e5d6 f1g1 g5h6 g1g7,1903,76,94,2830,crushing middlegame short,https://lichess.org/vxDeOSFO/black#32,Danish_Gambit Danish_Gambit_Other_variations
2MH9N,2Q5/4rkp1/1p3p1p/2pp4/3q4/2R5/5PPP/2R3K1 w - - 0 36,c8c6 d4c3 c6d5 f7g6,1904,75,92,5017,crushing defensiveMove endgame short,https://lichess.org/RCHIevc2#71,
23RNO,3rr1k1/p4ppp/1b3q2/8/3n4/2NQ1BP1/PP2PP1P/R4RK1 w - - 7 20,f1d1 d4e2 d3e2 e8e2,1904,78,92,2204,advantage kingsideAttack master middlegame short,https://lichess.org/97Ea21aQ#39,
1jIf1,q3r1k1/2p1bp1p/1n4pB/1Q2p3/4b3/1PP2N2/5PPP/1N2R1K1 w - - 0 20,b5e5 e7f8 e5e8 a8e8,1908,76,92,8070,advantage middlegame short,https://lichess.org/L8nj2OtN#39,
1bwv2,2r5/R6p/p7/kp3R2/4p3/1QP5/PK1q4/8 w - - 1 49,b2a3 d2c1 b3b2 c8c3,1911,75,93,2799,endgame mate mateIn2 short,https://lichess.org/qSoUm6c4#97,
0BPyW,8/1p5p/p2p2k1/3P4/1q4P1/8/2Q2PK1/8 b - - 1 45,g6g5 c2f5 g5h6 f5f6,1913,79,90,2016,endgame mate mateIn2 queenEndgame short,https://lichess.org/EmfM06Cd/black#90,
23ozP,r3kb1r/1bq3pp/p1np1p2/1p1Qp3/4P3/N3BPP1/PPP4P/1K1R1B1R w kq - 0 15,f1h3 c6d4 d1d4 b7d5,1913,74,94,5505,crushing discoveredAttack middlegame short trappedPiece,https://lichess.org/XwpJAig8#29,Sicilian_Defense Sicilian_Defense_Classical_Variation
009XT,rn1qk2r/pp3ppp/3bp1b1/3p4/3Pn2N/3BB3/PPP2PPP/RN1Q1RK1 w kq - 4 10,h4g6 d6h2 g1h1 h7g6,1914,73,93,16653,crushing intermezzo opening short,https://lichess.org/bf23N8Ng#19,Caro-Kann_Defense Caro-Kann_Defense_Exchange_Variation
08sdE,3rr1k1/2Q3p1/6qp/2N2p2/2Pn4/5P2/PP4PP/R3R1K1 w - - 2 23,c7f4 d4e2 e1e2 e8e2,1922,76,92,1810,crushing fork middlegame short,https://lichess.org/sNyW7sHm#45,
0peNb,1r5k/4Rp1p/4pNpP/1p2n3/8/6P1/5PK1/8 b - - 3 31,b5b4 f2f4 e5g4 f6g4,1925,77,93,10704,crushing endgame short,https://lichess.org/z9ZDZQxk/black#62,
2dPS6,r4rk1/pp1n2bp/2p3p1/2np3q/1P1N1B2/2P2PP1/P2QP1KP/3RR3 b - - 0 18,c5a4 g3g4 h5h4 f4g5,1925,75,96,11746,advantage middlegame short,https://lichess.org/ZkPZY7kH/black#36,Sodium_Attack Sodium_Attack_Other_variations
2ca1T,r1b1r1k1/p4ppp/2p5/3p3N/6nq/2PB3P/PP3PPb/R1BQ1R1K w - - 3 16,h5g3 g4f2 h1h2 f2d1,1928,77,92,1763,advantage kingsideAttack middlegame short,https://lichess.org/GXkyVFOv#31,Scotch_Game Scotch_Game_Schmidt_Variation
0glhU,3R4/7k/1p1p4/1PpPpqpP/1p3p1Q/3P4/5PP1/6K1 w - - 0 34,h4h3 f5h3 g2h3 b4b3,1935,79,93,4695,crushing endgame short,https://lichess.org/a2Wm6xuB#67,
30TvG,2r3k1/p3n1p1/1pn2r1p/8/3Np1bP/3P1N2/PPP1B1P1/2KR3R w - - 0 19,d4c6 f6c6 f3d4 g4e2,1938,75,91,1414,advantage middlegame short,https://lichess.org/YxSS8xyZ#37,Scandinavian_Defense Scandinavian_Defense_Other_variations
15oDt,4r1k1/2q1r1pp/2pb1pn1/1p6/pPpP1P2/P1P1B1NP/3Q2P1/4RRK1 b - - 5 23,g6f4 e3f4 d6f4 e1e7,1944,77,90,1680,advantage discoveredAttack middlegame short,https://lichess.org/geCXzVSJ/black#46,
0vsyv,r4rk1/p4ppp/8/2p1b3/B2n1Pb1/2NP2q1/PPP3P1/R1BQ1RK1 w - - 0 16,d1e1 d4f3 f1f3 g3e1,1945,76,96,3424,crushing deflection kingsideAttack master middlegame pin short,https://lichess.org/1Tp1y09R#31,Four_Knights_Game Four_Knights_Game_Spanish_Variation
1ZKrX,3r4/p1QN2p1/2p3rk/5q1p/5p1b/P1P2P1P/1P4P1/3RR2K w - - 3 34,e1e5 d8d7 c7d7 f5e5,1950,77,96,2603,advantage capturingDefender deflection middlegame short,https://lichess.org/DllUm00t#67,
26ePL,5rk1/2p1q3/4P1p1/p1PPQp1p/4n3/P7/6PP/1R1B2K1 w - - 1 35,b1c1 e7g5 c1c2 g5e3,1960,76,94,3956,crushing endgame short,https://lichess.org/yzJrPdui#69,
0WwBO,8/8/8/p1p1p1k1/P2pP3/1P1P2K1/8/8 b - - 0 49,g5f6 g3h4 f6g6 h4g4,1969,78,92,1819,crushing defensiveMove endgame pawnEndgame short zugzwang,https://lichess.org/koGylVJ2/black#98,
1TH6o,r1b1k2r/1p2bppp/p4n2/q3B3/4P3/2N2Q2/PPP3PP/2KR1B1R w kq - 1 13,f3g3 f6h5 f1b5 a6b5,1970,79,93,3657,advantage opening short,https://lichess.org/OzJkOMuY#25,Sicilian_Defense Sicilian_Defense_Old_Sicilian
1aLin,r1b1kb1r/ppp3pp/2nq4/3p4/3Np3/1P2P3/PBP2PPP/RN1Q1RK1 b kq - 1 10,c8d7 d4b5 d6g6 b5c7,1970,73,95,10110,crushing opening short,https://lichess.org/tYIADB4N/black#20,Nimzo-Larsen_Attack Nimzo-Larsen_Attack_Modern_Variation
2AUQo,r1b2k2/pp1n2bQ/1qpp1rBB/3p1P2/4p3/2P5/PP4PP/R4R1K b - - 4 22,g7h6 h7h8 f8e7 h8e8,1984,79,95,17605,mate mateIn2 middlegame short,https://lichess.org/Ee77e8D8/black#44,
1hkKj,r1b1kbnr/pppp1ppp/8/8/1qn2B2/2N5/PPQ1PPPP/2KR1BNR b kq - 1 7,c4b2 c3d5 b2d1 d5b4,1986,80,90,1561,advantage opening short,https://lichess.org/oKnW2e4L/black#14,Mikenas_Defense Mikenas_Defense_Other_variations
2Ghu9,2b2rk1/5ppp/p3p3/1p2n1B1/8/2q2BQ1/P1P3PP/2KR3R w - - 0 19,h1e1 e5c4 g5f6 c3f6,1992,75,90,1188,crushing middlegame quietMove short,https://lichess.org/AehzPqix#37,
0CYBG,rqb2r2/p3Npkp/4nnp1/3p4/8/2QBPNP1/P4PP1/2R1K2R b K - 5 20,b8d6 h1h7 g7h7 c3f6,1999,80,93,2909,crushing deflection master middlegame pin short,https://lichess.org/luVYzh2Z/black#40,
0YkuW,6k1/1Q4p1/p3b1Pp/2P1Npb1/PP6/2N5/4K3/2q5 b - - 4 50,e6c4 e5c4 c1c2 e2f1,2000,78,93,1005,advantage defensiveMove endgame hangingPiece master short,https://lichess.org/n0g1r5JE/black#100,
0MBnJ,r1b2rk1/2qp1ppp/p5n1/2pnP3/1p6/1P1B1N2/P1PB1QPP/4R1KR b - - 1 21,d5f4 d2f4 g6f4 d3h7,2007,78,92,2163,advantage kingsideAttack middlegame short,https://lichess.org/RXs5FOR1/black#42,
1qQXW,2k2r2/p1p5/3q2p1/1Q4R1/5P2/P2rPK2/7P/4R3 w - - 1 30,f3e4 f8f4 e3f4 d6d4,2013,77,95,10889,endgame mate mateIn2 sacrifice short,https://lichess.org/PqupMDZg#59,
2tZzt,8/7k/2q3pp/1p1prp2/1PR5/4P1P1/3Q1PP1/3R2K1 b - - 0 38,d5c4 d2d8 c6e8 d1d7,2022,75,92,1764,clearance crushing endgame quietMove short,https://lichess.org/OzNYdkig/black#76,
2DQXe,r7/2p1kp2/1pppbp1p/4q1r1/4P2Q/P1P4P/1P2BPP1/3R1R1K b - - 7 21,a8g8 f2f4 e5e4 e2f3,2022,74,93,3220,advantage fork middlegame short,https://lichess.org/6NBfgR9i/black#42,
0zrtV,8/p2r1p2/5kpp/2ppq3/4P3/1P3P2/P2Q2PP/2R4K w - - 0 34,c1c5 d5e4 c5c6 f6g7,2024,75,91,2866,advantage defensiveMove endgame short,https://lichess.org/DWtGtaY3#67,
2Nhkh,8/p1p5/1p2kp2/P1P3p1/1P1KP2p/5P1P/8/8 w - - 0 35,a5a6 b6b5 d4e3 e6e5,2027,76,93,6690,crushing endgame master pawnEndgame quietMove short zugzwang,https://lichess.org/rzDEhsM8#69,
27uAa,r1bq1r2/pp2bp1k/3p1npp/2p5/4P3/2NB2Q1/PPP2PPP/R1B1R1K1 w - - 0 13,g3h4 f6h5 h4h5 g6h5,2031,78,93,6709,crushing opening quietMove short trappedPiece,https://lichess.org/WVDgwn36#25,Scotch_Game Scotch_Game_Other_variations
19bBn,1r2nk2/4p1b1/3pQnpp/q7/3P4/6PB/3N1P1P/B1R3K1 w - - 1 32,d2e4 e8c7 e6c4 f6e4,2033,75,92,4534,crushing middlegame short,https://lichess.org/iWqNE74g#63,
0C6Ch,8/6p1/4R1K1/1p2P3/pB3k1r/P7/1P2b3/8 w - - 0 46,b4d6 h4h6 g6f7 e2c4,2033,77,97,3835,crushing endgame master masterVsMaster pin short,https://lichess.org/NdxYfrtC#91,
31Hu7,r1br2k1/1p3p1p/1q4pQ/p2pPP2/3p4/2P5/PPB3PP/5R1K b - - 0 23,b6c5 f5g6 f7g6 c2g6,2044,74,92,4285,crushing middlegame short,https://lichess.org/zhSmxNPg/black#46,
1nxUG,r1bqr1k1/pp3p1n/2p2bB1/3p4/3P4/2N1PNP1/PPQ1KPP1/7R b - - 0 16,f7g6 c2g6 f6g7 h1h7,2047,78,90,1021,advantage kingsideAttack middlegame short,https://lichess.org/kAIf4fmw/black#32,Queens_Gambit_Declined Queens_Gambit_Declined_Harrwitz_Attack
1QBZw,r5rk/pp3ppp/3bb3/2pN2Q1/q4P2/4B3/PPP2P1P/2KR2R1 w - - 5 26,d5f6 d6e7 f6h7 e7g5,2050,76,92,3049,crushing middlegame short,https://lichess.org/lUAL9r2h#51,
2mH2N,6k1/3n1qp1/bpN1r2p/p1pp4/2P2N1P/1P4P1/P4P2/4Q1K1 w - - 0 32,e1e6 f7e6 f4e6 d5c4,2052,79,92,2710,crushing endgame master short,https://lichess.org/yvatKBYs#63,
0dW09,4b3/4P3/3K4/p2B1k2/6p1/6P1/8/8 b - - 0 45,a5a4 d5c6 e8f7 c6a4,2059,79,92,1744,bishopEndgame crushing endgame interference master short,https://lichess.org/9lHI8R28/black#90,
1bgsT,R7/8/8/8/pk1P2p1/4PbP1/5P2/1N4K1 w - - 0 57,g1f1 f3a8 f1e2 a8e4,2062,77,92,3852,crushing endgame hangingPiece short,https://lichess.org/OIY88Auw#113,
1AmCC,r4rk1/pp3p2/2n2p1Q/1q3P2/8/8/PP3PPP/3RR1K1 b - - 0 19,b5f5 e1e3 c6e5 e3h3,2074,74,97,1430,advantage defensiveMove middlegame quietMove short,https://lichess.org/QNYMBEBm/black#38,
2FFjK,1k6/pp6/2p2pp1/2Pp1q2/5P1Q/P1B1r2P/1P2r1P1/5RK1 b - - 8 34,f5e4 c3e5 b8c8 h4h8,2075,79,91,1162,crushing endgame master short,https://lichess.org/dM2DgIu1/black#68,
0EDve,8/8/4kp2/ppp5/4PP2/2P5/P1K5/8 b - - 0 35,e6f7 c3c4 b5c4 c2c3,2076,76,91,5695,crushing endgame pawnEndgame short,https://lichess.org/rnh1mqw1/black#70,
0qMfd,rn2k2r/pp3ppp/4p3/q2pP3/1b1Pn1b1/4BN2/PPBN1PPP/R2QK2R w KQkq - 5 11,e1g1 e4d2 e3d2 g4f3,2085,76,94,2807,crushing master opening short,https://lichess.org/9tvGxVN5#21,Sicilian_Defense Sicilian_Defense_Delayed_Alapin
1dXJC,r5k1/p1r3pp/1B3pb1/3qP3/7Q/8/P5PP/3RR1K1 b - - 0 32,d5c4 d1d4 c4c3 b6c7,2092,77,91,1791,advantage middlegame short,https://lichess.org/5rfHiUNm/black#64,
15sBD,2R5/1P2rk2/2K5/3P1p2/P3n3/1p1r4/8/2R5 b - - 0 49,b3b2 c8f8 f7f8 b7b8q,2094,77,92,2290,advancedPawn advantage attraction endgame master masterVsMaster promotion short,https://lichess.org/e0pl52Pz/black#98,
00XbN,6k1/R4p1p/6P1/3p4/8/2b5/1r2rBPP/5RK1 b - - 0 26,e2f2 g6f7 g8f8 a7a8,2109,75,92,2174,advancedPawn advantage endgame short,https://lichess.org/RsJhaWfC/black#52,
0oULn,8/pp4pp/4kp2/1P1p4/P2K1P2/4P2P/6P1/8 b - - 0 35,f6f5 d4c5 b7b6 c5c6,2127,75,93,1813,crushing defensiveMove endgame pawnEndgame short,https://lichess.org/JJcoDVHV/black#70,
1shum,1r4k1/5pbp/p5p1/1b6/1BP3P1/RP3N1P/5K2/4r3 w - - 0 29,f2e1 b5c6 b4d6 b8d8,2136,78,91,2873,crushing endgame short,https://lichess.org/iW0QqUQv#57,
1NRR5,8/7p/p3pp2/1p1k4/5PP1/P1PK4/7P/8 w - - 1 42,g4g5 f6g5 f4g5 d5e5,2141,79,92,5685,crushing defensiveMove endgame pawnEndgame short,https://lichess.org/h8UxGHG6#83,
0YKQy,5r1k/3bb2B/2p4Q/1p1pq3/r5p1/4P1N1/3R1PPP/6K1 b - - 1 26,a4a1 h7b1 h8g8 h6h7,2156,76,92,5835,discoveredAttack discoveredCheck mate mateIn2 middlegame short,https://lichess.org/RdpOBvzt/black#52,
0NiHv,8/5p2/4pkp1/7p/3KP1P1/4NP1P/5b2/8 w - - 4 73,d4d3 f2e3 d3e3 f6g5,2156,78,91,1031,crushing endgame master short,https://lichess.org/LHb9fWS0#145,
1ybS2,4r1k1/pp1q1ppp/3p4/2pN4/2PnQ1Pb/P2P1BB1/1P3P2/R5K1 w - - 2 25,e4f4 h4g5 f4d4 c5d4,2156,74,92,8939,crushing middlegame short,https://lichess.org/R40npdNA#49,
0ac7m,2kr2nr/pp3ppp/4p3/1B1pnb2/N7/P5P1/1PP2QKP/R1Bq2NR w - - 0 14,g1f3 d1f3 f2f3 e5f3,2159,74,94,3755,advantage middlegame short,https://lichess.org/NvZ8Ljk2#27,Caro-Kann_Defense Caro-Kann_Defense_Advance_Variation
1iHp2,r1b4r/pp2bRpp/3p4/2kp4/Q7/4P3/PqP3PP/3R2K1 b - - 3 18,e7f6 a4a5 b2b5 f7c7,2165,77,94,10238,epauletteMate killBoxMate mate mateIn2 middlegame short,https://lichess.org/aGRJGKUa/black#36,Pirc_Defense Pirc_Defense_Other_variations
0G0zw,q1r5/3bp1k1/3p1p1p/3PP1p1/3Q1P2/6PP/6B1/5RK1 b - - 0 30,d6e5 f4e5 a8a6 d5d6,2167,76,93,2290,crushing endgame master short,https://lichess.org/j1uLII4h/black#60,
2odBS,r1b3k1/1pp4p/p3p2r/2Pp1p2/PP1NB3/4PPq1/6P1/2RQ1RK1 w - - 0 22,e4b1 h6h2 f1f2 g3h4,2183,76,94,1093,advantage middlegame short,https://lichess.org/yULrJlRH#43,
1uTY7,8/2p2r2/1pKp3B/p2P2r1/1k6/2R5/PP6/8 b - - 23 44,g5g4 a2a3 b4a4 h6c1,2191,79,94,3383,crushing defensiveMove endgame short,https://lichess.org/x5cvtIOH/black#88,
0vYho,r3r1k1/pp1R2pp/n4p2/8/4q3/6QP/PP1R1PPK/8 b - - 5 25,e4e5 f2f4 e5e7 d7e7,2193,79,92,9702,advantage middlegame short,https://lichess.org/lZKu30jK/black#50,
07w3Q,5k1r/p4p1p/7b/8/2bN1P2/N1PnR3/Pr4BP/R5K1 b - - 0 22,d3f4 a3c4 b2g2 g1h1,2198,76,91,1026,advantage middlegame short,https://lichess.org/OvjJDxKT/black#44,
2F9Lk,8/8/4p3/3pNk2/pppP4/P4K2/1PP3P1/8 w - - 0 39,e5c6 c4c3 b2c3 b4b3,2203,75,95,2652,advantage endgame knightEndgame short,https://lichess.org/2LAme8Cl#77,
1SSeV,2rq1rk1/1b3ppp/p2bp3/np2N3/8/P1N4P/1PB1QPP1/R2R2K1 b - - 0 18,d8c7 e2d3 g7g6 d3d6,2207,76,94,3947,crushing middlegame short,https://lichess.org/DEu33d1i/black#36,Sicilian_Defense Sicilian_Defense_Modern_Variations
1Z64U,3nNrk1/pp3pbp/2q3p1/2P5/1PB2Pb1/1QP1R1P1/PB1r3P/4R1K1 w - - 12 24,c4f1 g4e6 e3e6 d8e6,2216,78,90,1307,advantage middlegame short,https://lichess.org/PrAyCQlF#47,
1RW7n,2r5/5P2/1p1k4/3p1R2/5K1P/8/8/8 b - - 0 56,c8f8 f4g5 d6e7 g5g6,2217,76,93,1891,crushing defensiveMove endgame rookEndgame short,https://lichess.org/ZQyvlnCD/black#112,
308w0,3Q4/pp6/1kp2p2/4b1p1/1P3p2/P1P1qP1B/1K4P1/8 b - - 10 40,b6b5 a3a4 b5a4 d8a5,2227,77,93,1359,attraction endgame master mate mateIn2 short,https://lichess.org/WxbHiE3T/black#80,
2DtDX,2k3r1/1p1n1p2/pbp1p2q/3p1p1n/PPP2P2/3PPQ1P/6B1/R3BRK1 w - - 0 23,a4a5 h5f4 g1h1 f4g2,2232,75,92,1221,advantage master middlegame pin short,https://lichess.org/9dzc1lr0#45,
2iwfw,8/1n5r/2B1pBp1/4p3/1p1kP1Pp/1P3P1P/P2K4/8 b - - 8 46,b7c5 f6g5 c5b3 a2b3,2260,77,90,1184,advantage endgame short,https://lichess.org/gQFKBUFt/black#92,
25ro6,8/8/2P5/6R1/1P4p1/6kp/6r1/4K3 w - - 0 53,c6c7 h3h2 g5h5 g2c2,2266,77,95,1439,advancedPawn crushing endgame master rookEndgame short,https://lichess.org/tQKtpnU1#105,
2BQAr,r4k2/2p3pp/2p1P3/8/8/1b1p4/P2N2PP/R5K1 b - - 1 31,a8a2 a1f1 f8e7 d2b3,2270,78,92,1838,advantage endgame master short,https://lichess.org/shcFmG94/black#62,
1mpFD,2rqr1k1/pb2ppbp/1p1p1np1/8/P2BP3/2N4P/1PP1BPP1/R2Q1RK1 b - - 0 13,f6e4 d4g7 g8g7 c3e4,2344,80,91,1363,advantage intermezzo master opening short,https://lichess.org/1QKDB6j7/black#26,Pirc_Defense Pirc_Defense_Classical_Variation
0nzHT,5rk1/1p3ppp/p1br4/PqR5/1P6/1Q3PP1/6BP/4R2K b - - 2 30,d6d3 b3b1 d3d6 c5b5,2352,75,92,6720,advantage middlegame short,https://lichess.org/JPhJktyq/black#60,
0uHaB,8/1n3kp1/3p1p1p/3P3P/4PKP1/1N6/8/8 b - - 0 53,b7c5 b3c5 d6c5 f4e3,2388,78,92,1874,crushing defensiveMove endgame knightEndgame short,https://lichess.org/WJKiO0Op/black#106,
1h540,4rrk1/1p1q1p1p/2n3pB/1N2b2P/P1pp4/2P1P3/1P2Q3/R3K1NR w KQ - 0 21,e2c4 e5g3 e1d1 d4c3,2391,77,91,1614,advantage discoveredAttack discoveredCheck middlegame short,https://lichess.org/ghWUQXSv#41,
2ys9X,2r4k/p1q2rp1/3b2pp/1Q4n1/2p1B1P1/P1B1P2P/1P3P2/2R2RK1 w - - 2 26,e4g6 g5f3 g1g2 f3h4,2411,79,92,5807,advantage kingsideAttack middlegame short,https://lichess.org/cjxTeVlU#51,
1Zrry,8/p7/1pp1k3/6pp/PPP1K3/6P1/7P/8 b - - 0 38,c6c5 b4c5 b6c5 a4a5,2440,78,93,1792,crushing defensiveMove endgame master pawnEndgame short zugzwang,https://lichess.org/5lSTZiYo/black#76,
